구분(4),구분(1)_x,구분(2)_x,구분(3)_x,2019.01,2019.02,2019.03,2019.04,2019.05,2019.06,2019.07,2019.08,2019.09,2019.10,2019.11,2019.12,구분(1)_y,구분(2)_y,구분(3)_y,2011.01,2011.02,2011.03,2011.04,2011.05,2011.06,2011.07,2011.08,2011.09,2011.10,2011.11,2011.12
3공단,도시대기,경북,포항,55,55,60,48,53,36,26,28,28,35,47,40,도시대기,경북,포항,43,69,71,60,69,47,35,29,39,52,56,46
4공단,도시대기,경북,구미,81,75,74,47,48,34,38,35,28,38,49,52,도시대기,경북,구미,-,69,59,49,55,40,20,17,25,46,51,56
가야읍,도시대기,경남,함안,50,50,47,38,42,35,28,30,30,34,42,37,,,,,,,,,,,,,,,
가음정동,,,,,,,,,,,,,,,,도시대기,경남,창원,42,73,64,57,76,51,36,32,33,50,53,51
가평읍,도시대기,경기,가평,58,45,50,28,32,20,19,20,16,26,35,38,도시대기,경기,가평,-,70,68,54,60,36,23,18,22,36,39,52
가흥동,도시대기,경북,영주,-,-,-,-,-,-,-,-,-,47,64,66*,,,,,,,,,,,,,,,
간성읍,교외대기,강원,고성,43*,-,-,-,40,19,17,19,16,26,32,30,교외대기,강원,고성,28,41,48,-,-,-,-,-,16,29,29,29
갈산동,,,,,,,,,,,,,,,,도시대기,대구,달서구,48,63,57,52,62,48,31,-,37,47,50,46
강남구,도시대기,서울,강남구,61,54,64,34,43,24,29,29,24*,33,44,43,,,,,,,,,,,,,,,
강남대로,도로변대기,서울,서울,50,65,79,56,64,35,25,21,20,24*,50**,47,,,,,,,,,,,,,,,
강동구,도시대기,서울,강동구,65,58,67,37,47,26,26,22,19,34,54,48,,,,,,,,,,,,,,,
강변북로,도로변대기,서울,서울,48,63,76,50,64,34,26,23,22,30,39**,48**,도로변대기,서울,서울,55,95,82,83,96,66,44,38,34,48,43,52
강북구,도시대기,서울,강북구,71,62,73,39,52,30,31,32,26,36,41,46,,,,,,,,,,,,,,,
강서구,도시대기,서울,강서구,76,65,79,42,53,27,28,27,24,36,48,52,,,,,,,,,,,,,,,
강진읍,도시대기,전남,강진,-,-,-,-,-,28,23,28,22,25,28,26,,,,,,,,,,,,,,,
개금동,도시대기,부산,부산진구,-,-,-,-,-,-,21,26,22,27,36,41,,,,,,,,,,,,,,,
개정동,도시대기,전북,군산,59,59,71,42,59,40,30,31,26,34,45,37,도시대기,전북,군산,42,72,64,63,83,47,28,28,30,45,46,44
거창읍,도시대기,경남,거창,50,56,60,41,45,35,26,28,24,30,40,37,,,,,,,,,,,,,,,
건국동,도시대기,광주,북구,50,56,68,47,55,46,34,36,30,39,41,30,도시대기,광주,북구,39,67,61,54,64,49,30,28,32,45,39,38
검단,도시대기,인천,서구,72,61,74,45,56,32,37,33,29,42,49,45,도시대기,인천,서구,54,87,75,65,88,61,43,44,44,61,58,63
경수대로(동수원),도로변대기,경기,수원,55,74,89,55,66,38,41,36,29,40,53,57,도로변대기,경기,수원,59,103,86,79,89,61,41,40,44,66,60,61
경안동,도시대기,경기,광주,79,69,80,46,56,32,27,28,22,32,47,57,도시대기,경기,광주,64,97,82,76,77,51,28,27,28,42,44,56
경화동,도시대기,경남,창원,44,46,46,38,45,35,29,33,26,26,32,27,도시대기,경남,진해,40,69,66,58,78,52,-,-,30,40,42,41
계남공원,,,,,,,,,,,,,,,,도로변대기,경기,부천,55,104,92,81,102,66,49,38,47,68,59,63
계산,도시대기,인천,계양구,60,51,69,46,59,29,30,28,26,35,39,41,도시대기,인천,계양구,38,61,68,59,86,47,33,31,35,42,35,37
계양동,,,,,,,,,,,,,,,,도시대기,인천,계양구,51,75,81,68,88,55,37,43,48,-,-,-
고산리,국가배경농도,제주,북제주,37,46,56,39,44,29,22,33,34*,-,-,-,국가배경농도,제주,북제주,44,60,54,58,83,38,38,45,21,27,28,29
고산리,국가배경농도,제주,제주,-,-,-,-,-,-,-,-,-,40,50,35,국가배경농도,제주,북제주,44,60,54,58,83,38,38,45,21,27,28,29
고산면,도시대기,전북,완주,60,60,65,43,48,37,25,24,21,28,39,35,,,,,,,,,,,,,,,
고색동,도시대기,경기,수원,62,55,66,36,43,24,27,25,20,25,35,40,도시대기,경기,수원,54,89,75,66,81,50,32,32,37,58,50,52
고성읍,도시대기,경남,고성,46,50,50,40,46,36,28,35,30,32,39,33,,,,,,,,,,,,,,,
고읍,도시대기,경기,양주,86,64,71,40,53,29,26,26,24,41,51,42,,,,,,,,,,,,,,,
고잔,도시대기,인천,남동구,-,78**,64,40,46,24,27,28,27,34,39,36,도시대기,인천,남동구,48,86,68,63,80,46,34,35,37,53,47,47
고잔동,도시대기,경기,안산,75,67,74,46,60,35*,32,31,24,31,38*,27**,도시대기,경기,안산,49,90,76,64,82,48,32,32,35,50,45,50
고창군,,,,,,,,,,,,,,,,도시대기,전북,고창,31,52,46,43,50,35,18,18,20,39,43,44
고창읍,도시대기,전북,고창,71,73,77,48,51,38,29,32,27,30,35,35,,,,,,,,,,,,,,,
고천동,도시대기,경기,의왕,66,57,69,39,46,25,24,25,22,29,40,41,도시대기,경기,의왕,47,71,74,61,76,49,31,30,32,46,40,46
고촌읍,도시대기,경기,김포,76,60,78,47,55,29,27,27,26,38,46,46,도시대기,경기,김포,51,82,78,79,102,74,59,48,37,64,58,61
고흥읍,도시대기,전남,고흥,-,-,33,30,38,27,19,23,20,25,33,26,,,,,,,,,,,,,,,
곡성읍,도시대기,전남,곡성,-,-,-,-,-,-,-,-,20,26,41,34,,,,,,,,,,,,,,,
공단동,도시대기,경북,구미,67,64,70,49,52,37,29,31,28,33,50,49,도시대기,경북,구미,26,46,55,54,83,39,22,24,31,41,37,35
공주,도시대기,충남,공주,60,57,64,41,52,37,26,24,22,31,39,40,,,,,,,,,,,,,,,
공항대로,도로변대기,서울,서울,58,60,76,45,53,28**,32*,31,28,37,47,53**,도로변대기,서울,서울,-,-,-,71,90,55,35,34,37,56,50,60
과천동,도시대기,경기,과천,63,59,63,41,53,31,31,31,25,29,42,42,도시대기,경기,과천,53,93,63,63,80,54,32,32,32,45,42,54
관악구,도시대기,서울,관악구,72,63,76,48,62,35,26,24,-,45**,44,43,,,,,,,,,,,,,,,
관인면,교외대기,경기,포천,65,52,64,39,49,29,30,31,24,27,40,42,교외대기,경기,포천,52,75,70,60,72,54,32,32,34,41,-,-
광교동,도시대기,경기,수원,64,58,70,42,52,32,33,35,27,32,39,41,,,,,,,,,,,,,,,
광무동,,,,,,,,,,,,,,,,도시대기,전남,여수,30,54,44,45,71,35,28,26,25,34,31,33
광복동,도시대기,부산,중구,51,53,55,41,51,34,28,32,27,26,34,30,도시대기,부산,중구,38,57,57,53,74,49,38,32,29,41,39,38
광안동,도시대기,부산,수영구,44,44,47,41,51,35,29,32,25,24,34,31,도시대기,부산,수영구,24,40,41,42,61,33,26,22,20,27,24,25
광양읍,도시대기,전남,광양,36,44,40,27,33,26,19,22,18,19,30,26,도시대기,전남,광양,39,58,46,53,65,47,39,35,31,37,36,36
광적면,,,,,,,,,,,,,,,,도시대기,경기,양주,73,87,76,70,81,61,45,49,57,83,75,103
광진구,도시대기,서울,광진구,65,55,69,43,57,32*,27,28,24,34,40,37,,,,,,,,,,,,,,,
괴산읍,도시대기,충북,괴산,-,57,63,36,41,30,20,27,20,32,47,40,,,,,,,,,,,,,,,
교문동,도시대기,경기,구리,78,63,67,39,54,33**,33,29,24,35,45,45,도시대기,경기,구리,51,94,81,78,100,65,36,40,42,46,44,49
구례읍,도시대기,전남,구례,-,-,-,-,-,-,22,29,24,27,36,33,,,,,,,,,,,,,,,
구로구,도시대기,서울,구로구,67,56,72,46,61,31,19,22,19,27,42,40,,,,,,,,,,,,,,,
구로동,,,,,,,,,,,,,,,,도시대기,서울,구로구,44,78,69,57,74,44,28,29,29,49,41,45
구성동,도시대기,대전,유성구,64,61,70,42,45,26,18,19*,18,27,38,38,도시대기,대전,유성구,40,68,61,56,66,45,37,32,29,41,40,45
구월동,도시대기,인천,남동구,70,62,74,49,57,34,31,30,29,38,44,46,도시대기,인천,남동구,45,76,80,61,86,47,32,34,38,51,46,48
구의동,,,,,,,,,,,,,,,,도시대기,서울,광진구,47,77,64,56,72,44,27,26,29,42,39,52
금곡동,도시대기,경기,남양주,68,60,64,40,50,30,31,31,22,31,43,42,도시대기,경기,남양주,54,80,74,63,75,46,30,29,30,44,41,57
금산읍,도시대기,충남,금산,55,50,58,36,39,30,18,21,24,36,51,49,,,,,,,,,,,,,,,
금암동,도로변대기,전북,전주,60,73,73,48,49,41,26,29*,30,39,51,-,도로변대기,전북,전주,35,65,60,51,65,45,23,22,22,33,37,31
금암로(신장동),도로변대기,경기,오산,-,-,-,-,-,30,30,32,28,33,42,45,,,,,,,,,,,,,,,
금왕,교외대기,충북,음성,76,66,73,45,51,36,32,31,29,33,50*,50,,,,,,,,,,,,,,,
금천구,도시대기,서울,금천구,64,57,66,38,45,25,25,24,19,28,35,36,,,,,,,,,,,,,,,
금촌동,도시대기,경기,파주,76,60,73,46,61,31,30,30,29,45,53,52,도시대기,경기,파주,61,82,88,75,93,52,36,35,43,59,54,57
기장읍,도시대기,부산,기장군,36,41,43,34,41,27,23,26,22,27,30,26,도시대기,부산,기장군,24,41,44,42,59,32,25,21,22,28,27,26
기흥,도시대기,경기,용인,65,-,55**,42,54,30,26,27,24,33,46,48,도시대기,경기,용인,51,84,76,62,78,51,30,28,34,51,44,55
길동,,,,,,,,,,,,,,,,도로변대기,서울,서울,48,83,75,67,76,50,32,31,32,45,42,53
길상,도시대기,인천,강화군,-,-,-,-,-,-,-,-,-,45*,41,39,,,,,,,,,,,,,,,
길음동,,,,,,,,,,,,,,,,도시대기,서울,성북구,39,63,56,49,67,39,25,24,27,40,36,43
김량장동,도시대기,경기,용인,69,60,66,45,56,34,28,28,24,28,43,46,도시대기,경기,용인,56,89,77,73,79,56,35,35,39,57,53,59
나불리,도시대기,전남,영암,47,49,59,37,46,31,33,36,28,35,42,41,도시대기,전남,영암,33,64,52,56,70,49,38,36,35,41,41,40
난지도리,,,,,,,,,,,,,,,,도시대기,충남,당진,36,66,59,54,78,46,32,35,36,47,44,35
남가좌동,,,,,,,,,,,,,,,,도시대기,서울,서대문구,47,83,65,56,72,43,26,25,27,40,35,44
남문동,도시대기,강원,원주,80,-,-,-,-,-,-,-,-,-,-,-,도시대기,경북,안동,52,75,69,54,63,37,24,19,22,37,40,46
남문동,도시대기,전북,임실,56,-,-,-,-,-,-,-,-,-,-,-,도시대기,경북,안동,52,75,69,54,63,37,24,19,22,37,40,46
남산동,,,,,,,,,,,,,,,,도로변대기,대구,대구,41,68,61,53,71,49,36,32,31,46,52,46
남상면,교외대기,경남,거창,51,51,56,37,38,25,14*,-,22**,28,33,38,교외대기,경남,거창,37,63,60,55,76,47,33,33,30,38,42,40
남양동,도시대기,강원,삼척,40,43,48,35,41,30,25,24,20,25,26,25,도시대기,강원,삼척,41,56,66,61,66,38,28,26,28,39,43,37
남양읍,도시대기,경기,화성,73,62,79,50,56,29,30,28,26,40,48,44,도시대기,경기,화성,57,97,90,86,92,67,38,34,36,49,40,61
남원읍,도시대기,제주,서귀포,-,-,-,-,-,-,-,-,-,-,-,22**,,,,,,,,,,,,,,,
남중동,도시대기,전북,익산,75,72,78,51,58,44,30,31,28,37,45,27**,도시대기,전북,익산,27,60,61,64,72,60,34,30,-,59,56,52
남해읍,도시대기,경남,남해,45,50,51,38,44,35,25,29,27,28,35,30,,,,,,,,,,,,,,,
내동,도시대기,경기,부천,91,78,90,63,68,43,41,37,41,65*,68,59,도시대기,경기,부천,65,102,88,76,99,72,38,37,43,60,53,58
내부순환로,,,,,,,,,,,,,,,,도로변대기,서울,서울,-,-,-,62,78,47,33,32,-,45,42,49
내일동,도시대기,경남,밀양,49,50,50,40,46,37,30,30,23,26,37,33,,,,,,,,,,,,,,,
내포,도시대기,충남,홍성,-,53,60,34,44,27,29,31,27,38,40,36,,,,,,,,,,,,,,,
노원구,도시대기,서울,노원구,68,58,67,37,48,26,27,26,21,28,35,38,,,,,,,,,,,,,,,
노원동,도시대기,대구,북구,61,56,59,46,52,36,29,29,27,31,43,42,도시대기,대구,북구,57,87,76,65,78,60,48,45,45,58,64,59
노은동,도시대기,대전,유성구,81,72,77,43,49,27,17,23,23,25,46,46,도시대기,대전,유성구,-,-,-,-,-,-,-,-,24,43,43,46
노형로,도로변대기,제주,제주,-,-,-,-,-,-,-,-,-,-,-,31,,,,,,,,,,,,,,,
녹산동,도시대기,부산,강서구,49,51,51,41,54*,39,32,36,30,33,41,42,도시대기,부산,강서구,39,66,58,61,79,53,44,41,41,48,54,49
논산,도시대기,충남,논산,65,64,70,39,50,35,26,29,26,34,46,42,,,,,,,,,,,,,,,
논현,도시대기,인천,남동구,62,57,68,41,50,30,33,32,27,29,35,37,도시대기,인천,남동구,45,77,77,66,84,47,31,32,37,54,48,48
농성동,도시대기,광주,서구,55,60,68,47,51,40,30,31,27,35,43,34,도시대기,광주,서구,26,47,45,46,58,33,23,23,26,35,34,30
농소동,도시대기,울산,북구,51,50,49,39,44,29,23,27,27,31,43,41,도시대기,울산,북구,38,60,63,55,70,49,36,28,31,44,44,39
다사읍,도시대기,대구,달성군,-,53*,55,41,47,36,29,30,31,32,42,40,,,,,,,,,,,,,,,
단대동,도시대기,경기,성남,61,52,61,36,50,30,28,28,25,32,40,38,도시대기,경기,성남,44,82,73,67,79,57,40,39,40,54,47,51
담양읍,도시대기,전남,담양,55,58,63,37,42,42,31,26,21,27,39,27,,,,,,,,,,,,,,,
당동,도시대기,경기,군포,70,63,82,60,71,44,51*,31**,27,40,47,47,도시대기,경기,군포,50,90,77,70,86,69,53,40,41,54,45,44
당리동,도시대기,부산,사하구,-,-,-,-,-,-,20,22,16,19,27,30,,,,,,,,,,,,,,,
당산동,,,,,,,,,,,,,,,,도시대기,서울,영등포구,47,80,71,59,79,46,29,27,31,46,40,47
당진시청사,도시대기,충남,당진,65,61,76,50,57,33,27,29,29,43,50,47,,,,,,,,,,,,,,,
대가야읍,도시대기,경북,고령,-,-,-,-,-,-,-,-,-,24**,31,31,,,,,,,,,,,,,,,
대광동,도시대기,경북,김천,-,67**,60,43,44,32,26,25,23,32,43,45,,,,,,,,,,,,,,,
대도동,도시대기,경북,포항,47,41,56,44,50,37,30,30,28,32,40,36,도시대기,경북,포항,45,66,70,58,71,49,31,28,35,49,50,47
대명동,도시대기,대구,남구,59,55,54,39,45,30,22,23,21,26,44,45,도시대기,대구,남구,26,57,41,36,49,31,43,33,21,31,35,29
대부동,도시대기,경기,안산,62,56,71,40,46,24,24,28,25,36,41,42,도시대기,경기,안산,41,79,70,63,79,37,28,31,34,48,43,44
대산리,도시대기,충남,서산,48,43,50,33,43,29,27,30,28,37,39,39,,,,,,,,,,,,,,,
대산면,교외대기,경남,창원,46,-,-,-,43,32,21,24,20,29,40,39,교외대기,경남,창원,50,73,63,57,79,59,36,32,36,49,49,48
대성동,도시대기,대전,동구,58,55,59,36,36,26,20,21,21,25,38,37,,,,,,,,,,,,,,,
대송동,도시대기,울산,동구,45,43,46,37,45,30,31,32,28,27,31,27,도시대기,울산,동구,46,64,55,49,62,41,35,32,32,45,40,41
대송면,도시대기,경북,포항,47,45,48,40,45,34,27,27,24,31,37,33,도시대기,경북,포항,33,44,57,57,71,61,46,42,40,41,44,-
대신동,도시대기,부산,서구,51,50,50,39,47,32,29,31,25,28,38,37,,,,,,,,,,,,,,,
대안동,도시대기,경남,진주,45,48,50,40,45,36,30,32,28,28,36,30,도시대기,경남,진주,41,60,52,55,78,50,32,30,28,42,42,48
대야동,도시대기,경기,시흥,74,65,79,50,63,35,33,33,31,44,51,48,도시대기,경기,시흥,51,87,76,65,85,47,34,35,37,52,46,48
대연동,도시대기,부산,남구,43,42,45,36,47,31,27,31,24,26,33,31,도시대기,부산,남구,35,55,56,58,82,64,62,56,44,47,45,45
대왕판교로(백현동),도로변대기,경기,성남,44,55,63,41,48,30,31,31,25,33,42,44,도로변대기,경기,성남,-,-,-,-,-,52,38,36,36,49,45,53
대저동,도시대기,부산,강서구,60,56,56,44,52*,34**,25,30,24,27,34,39,도시대기,부산,강서구,43,65,59,59,74,46,34,31,34,50,51,51
대정읍,도시대기,제주,서귀포,35,42,51,35,44,30,24,30,21,32,40,30,,,,,,,,,,,,,,,
대천2동,도시대기,충남,보령,55,55,65,40,53,30,18,22,21,32,37,34,,,,,,,,,,,,,,,
대치동,,,,,,,,,,,,,,,,도시대기,서울,강남구,48,82,70,60,76,45,29,30,34,47,38,46
대흥동,,,,,,,,,,,,,,,,도시대기,서울,마포구,50,83,71,58,79,47,29,27,31,45,41,50
대흥동1,도로변대기,대전,대전,73,77,79,51,51,33,23,27,20,25,49,50,도로변대기,대전,대전,64,91,83,73,79,53,32,28,33,50,52,58
덕신리,도시대기,울산,울주군,42,43,45,37,45,32,29,31,28,25,29,28,도시대기,울산,울주군,33,54,56,50,67,49,34,32,26,36,35,33
덕적도,교외대기,인천,옹진군,49,48,49,40,50,27,25,29,29,36,37,35,교외대기,인천,옹진군,48,80,86,64,89,43,30,31,41,47,41,39
덕천동,도시대기,부산,북구,53,51,54,48,36*,29,28,30,24,28,37,40,도시대기,부산,북구,48,63,63,61,66,58,46,40,37,39,38,40
덕충동,도시대기,전남,여수,41,45,43,32,41,34,28,32,25,25,33,26,,,,,,,,,,,,,,,
덕포동,도시대기,부산,사상구,52,48,51,41,51,33,25,28,23,26,36,40,,,,,,,,,,,,,,,
도고면,도시대기,충남,아산,63,59,79,50,58,38,26,26,24,45,54,51,,,,,,,,,,,,,,,
도봉구,도시대기,서울,도봉구,62,52,65,38,53,29,23,20,17,25,32,38,,,,,,,,,,,,,,,
도산대로,도로변대기,서울,서울,51,62,75,50,64,34,24**,28,26,33*,46**,42,,,,,,,,,,,,,,,
독곶리,도시대기,충남,서산,51,42,56,44,51,27,26,28,26,37,39,35,도시대기,충남,서산,31,53,54,55,78,35,27,26,32,37,34,31
동구동,도시대기,경기,구리,76,60,66,42,50,28,27,29,23,34,47,51,도시대기,경기,구리,39,60,60,54,66,39,26,26,28,39,35,36
동대문,,,,,,,,,,,,,,,,도로변대기,서울,서울,44,82,64,59,67,44,30,29,31,42,37,42
동대문구,도시대기,서울,동대문구,61,54,63,33,42,22,22,21,16*,43**,42,43,,,,,,,,,,,,,,,
동문동,도시대기,충남,서산,51,55,59,42,50,28,25,29,27,38,41,35,도시대기,충남,서산,29,55,57,47,66,31,22,23,30,41,34,31
동상동,도시대기,경남,김해,69,57,54,43,50,31,29,35,26,34,43,38,도시대기,경남,김해,40,57,54,49,64,49,36,31,37,50,51,50
동작구,도시대기,서울,동작구,64,59,68,39,48,29,30,30,29,35,44,46,,,,,,,,,,,,,,,
동작대로,도로변대기,서울,서울,49,63,77,52,68,39,29,25,21,31,38,46,도로변대기,서울,서울,-,-,-,70,87,57,39,38,40,57,52,59
동춘,도시대기,인천,연수구,58,54,64,40,47,28,31,32,29,35,39,40,도시대기,인천,연수구,50,81,78,68,97,49,37,38,44,59,50,49
동탄동,도시대기,경기,화성,64,58,68,40,51,30,34,33,27,33,44,51,도시대기,경기,화성,38,64,56,48,58,40,30,25,28,39,36,38
동홍동,도시대기,제주,서귀포,30,35,40,32,35,26,22,27,18,28,35,27,도시대기,제주,서귀포,38,58,52,53,88,35,28,26,34,44,37,36
두암동,도시대기,광주,북구,55,58,66,44,51,41,29,29,25,34,43,32,도시대기,광주,북구,29,54,51,51,64,42,26,26,29,37,34,31
둔산동,도시대기,대전,서구,59,55,63,36,48,31,26,29,22,31,44,37,도시대기,대전,서구,38,63,62,55,72,43,27,24,27,40,38,37
둔포면,도시대기,충남,아산,82,61*,75,58,68,43,34,33,33,51,60,55,,,,,,,,,,,,,,,
마포구,도시대기,서울,마포구,73,61,77,50,65,36,25,23,16**,43**,41,40,,,,,,,,,,,,,,,
만촌동,도시대기,대구,수성구,60,61*,54,41,46,32,26,25,21,28,41,45,도시대기,대구,수성구,39,65,55,48,64,47,37,32,32,40,45,44
매포읍,도시대기,충북,단양,64,54,60,42,49,39,29,32,29,35,56,47,도시대기,충북,단양,-,-,-,-,-,-,-,-,25,41,43,53
면목동,,,,,,,,,,,,,,,,도시대기,서울,중랑구,46,79,72,60,74,43,28,27,30,41,37,48
명륜동,도시대기,강원,원주,-,69,74,48,56,35,-,-,-,-,-,-,도시대기,강원,원주,62,95,76,67,77,47,21,24,34,61,62,77
명륜동,도시대기,경북,안동,-,46*,48,37,44,29,26,25,19,26,36,39,도시대기,강원,원주,62,95,76,67,77,47,21,24,34,61,62,77
명서동,도시대기,경남,창원,55,54,51,41,49,33,25,28,25,30,39,36,도시대기,경남,창원,35,63,54,48,64,39,29,27,28,44,45,43
명장동,도시대기,부산,동래구,48,48,49,41,50,33,29,33,26,29,35,37,도시대기,부산,동래구,36,58,61,59,82,67,65,55,47,54,49,44
모종동,도시대기,충남,아산,75,68,82,50,59,38,26,27,27,46,56,50,도시대기,충남,아산,31,59,66,52,67,42,23,24,29,47,40,44
모현동,도시대기,전북,익산,74,68,76,50,56,38,29,30,30,45,53,43,도시대기,전북,익산,-,-,-,-,-,-,-,-,-,57,54,51
모현읍,도시대기,경기,용인,-,-,-,-,56,32,27,30,24,35,50,55,,,,,,,,,,,,,,,
무거동,도시대기,울산,남구,44,46,48,40,47,36,31,35,28,23,27,34,도시대기,울산,남구,32,51,59,52,70,47,34,33,30,42,44,39
무안읍,도시대기,전남,무안,-,-,43,37,48,39,31,34,33,43,44,35,,,,,,,,,,,,,,,
무전동,도시대기,경남,통영,48,53,53,42,50,39,30,36,29,32,37,31,,,,,,,,,,,,,,,
무주읍,도시대기,전북,무주,49,49,51,31,35,26,18,18,17,19,27,27,,,,,,,,,,,,,,,
문당동,도시대기,경북,김천,74,75,83,44,38,30,30,25,25,29,39,41,,,,,,,,,,,,,,,
문막읍,도시대기,강원,원주,60,55,57,33,42,28,25,25,17,26,35,38,,,,,,,,,,,,,,,
문수동,도시대기,전남,여수,42,44,38,27,35,26,19,23,20,22,32,23,도시대기,전남,여수,45,51,43,41,64,32,27,31,24,34,30,32
문창동,도시대기,대전,중구,60,58,60,36,45,31,27,29,21,26,40,37,도시대기,대전,중구,41,61,57,50,68,40,24,24,24,35,26,38
문평동,도시대기,대전,대덕구,80,75,78,46,51,32,23,24,23,36,49,46,도시대기,대전,대덕구,48,75,64,56,65,50,31,27,32,47,45,51
문화동,도시대기,충북,청주,75,70,71,43,50,34,25,26,22,32,-,-,도시대기,충북,청주,69,109,89,76,86,69,45,41,42,62,60,65
반곡동,도시대기,강원,원주,-,-,-,-,-,-,33,27,19,31,42*,43,,,,,,,,,,,,,,,
반송로,도로변대기,경남,창원,45,57,55,46,53,39,-,-,-,23,31,30,도로변대기,경남,창원,44,74,68,64,74,54,45,43,43,51,50,46
반포동,,,,,,,,,,,,,,,,도시대기,서울,서초구,46,80,71,59,75,46,28,27,31,48,43,50
방산면,교외대기,강원,양구,41**,-,-,-,30,17,27,25,12,18,27,28,교외대기,강원,양구,38,54,63,54,69,38,28,27,28,37,40,41
방이동,,,,,,,,,,,,,,,,도시대기,서울,송파구,46,76,64,57,70,43,26,24,29,44,38,48
배방읍,도시대기,충남,아산,69,65,77,53,64,47,37,36,33,45,50,43,,,,,,,,,,,,,,,
백령도,국가배경농도,인천,옹진군,54,51,58,42,46,21,25,27,30,52,35,38,,,,,,,,,,,,,,,
백마로(마두역),도로변대기,경기,고양,59,61,79,53,72,41,32,35,30,42,51,49,도로변대기,경기,고양,59,87,77,67,83,56,41,42,43,57,50,54
백석동,도시대기,충남,천안,74,68,75,50,50,35,27,30,24,29,40,36,도시대기,충남,천안,41,80,69,57,73,58,26,24,32,57,55,56
백석읍,도시대기,경기,양주,81,59,69,39,52,26,24,22,22,34,43,43,,,,,,,,,,,,,,,
백암면,도시대기,경기,용인,-,-,-,-,61,36,29,32,26,40,52,53,,,,,,,,,,,,,,,
번동,,,,,,,,,,,,,,,,도시대기,서울,강북구,36,65,57,51,56,35,26,26,25,33,30,32
벌교읍,도시대기,전남,보성,-,-,-,-,-,-,-,-,23,26,38,33,,,,,,,,,,,,,,,
별내동,도시대기,경기,남양주,64,52,64,40,53,30,28,24,19,31,41,40,,,,,,,,,,,,,,,
별양동,도시대기,경기,과천,69,59,71,44,60,36,33,31,27,37,47,45,도시대기,경기,과천,48,83,73,62,78,48,31,31,32,46,40,50
보덕동,도시대기,경북,경주,-,-,-,-,-,-,-,-,-,-,-,17**,,,,,,,,,,,,,,,
보산동,도시대기,경기,동두천,74,57,68,42,51,28,24,25,21,33,47,48,도시대기,경기,동두천,107,106,96,82,84,58,45,43,48,73,68,86
보은읍,도시대기,충북,보은,71,63,65,40,44,26,16,22,18,29,42,44,,,,,,,,,,,,,,,
복대동,도로변대기,충북,청주,74,91,79,50,55,42,30,28,25,35,50,50,도로변대기,충북,청주,66,118,92,79,75,61,40,40,47,74,71,80
복정동,도시대기,경기,성남,72,61,67,41,51,31,30,32,26,35,44,41,도시대기,경기,성남,37,77,72,63,77,48,33,31,32,45,41,48
본오동,도시대기,경기,안산,69,60,72,44,56,30,29,31,28,38,44,43,도시대기,경기,안산,49,84,72,61,79,46,29,30,34,49,43,47
봉산동,도시대기,경기,안성,75,68,78,47,58,30,23,26,22,37,53,48,도시대기,경기,안성,58,89,72,76,85,63,35,33,37,50,47,54
봉암동,도시대기,경남,창원,46,47,49,40,47,37,31,33,28,30,36,31,도시대기,경남,마산,37,62,57,64,82,56,40,37,34,44,45,39
부강면,도시대기,세종,세종,75,68,74,42,50,30,22,24,22,34,47,50,,,,,,,,,,,,,,,
부곡3동,도시대기,경기,의왕,76,65,75,44,55,33,30,31,28,37,49,51,도시대기,경기,의왕,56,92,79,79,88,71,49,40,41,54,42,55
부곡동,도시대기,부산,금정구,40,41,44,38,44,29,25,29,24,26,31,31,도시대기,부산,금정구,34,54,70,69,93,78,26,22,23,32,30,30
부곡동,도시대기,부산,금정구,40,41,44,38,44,29,25,29,24,26,31,31,도시대기,울산,남구,40,68,68,64,84,65,47,38,38,49,47,38
부곡동,도시대기,부산,금정구,40,41,44,38,44,29,25,29,24,26,31,31,도시대기,경기,안산,64,100,73,63,67,59,45,39,37,55,48,59
부곡동,도시대기,울산,남구,47,50,56,48,57,42,34,33,27,31,37,34,도시대기,부산,금정구,34,54,70,69,93,78,26,22,23,32,30,30
부곡동,도시대기,울산,남구,47,50,56,48,57,42,34,33,27,31,37,34,도시대기,울산,남구,40,68,68,64,84,65,47,38,38,49,47,38
부곡동,도시대기,울산,남구,47,50,56,48,57,42,34,33,27,31,37,34,도시대기,경기,안산,64,100,73,63,67,59,45,39,37,55,48,59
부곡동,도시대기,경기,안산,85,69,78,43,52,28,28,30,26,36,47,52,도시대기,부산,금정구,34,54,70,69,93,78,26,22,23,32,30,30
부곡동,도시대기,경기,안산,85,69,78,43,52,28,28,30,26,36,47,52,도시대기,울산,남구,40,68,68,64,84,65,47,38,38,49,47,38
부곡동,도시대기,경기,안산,85,69,78,43,52,28,28,30,26,36,47,52,도시대기,경기,안산,64,100,73,63,67,59,45,39,37,55,48,59
부림동,도시대기,경기,안양,78,67,81,53,65,35,36**,38**,25,34,43,44,도시대기,경기,안양,44,81,72,62,76,52,36,31,32,48,44,49
부산북항,도로변대기,부산,부산,33,43,49,42,49,31,28,29,24,25,31,31,,,,,,,,,,,,,,,
부산신항,도로변대기,부산,부산,42,48,48,39,48,30,26,30,24,29,36,35,,,,,,,,,,,,,,,
부안읍,도시대기,전북,부안,61,61,73,46,59,41,33,35,32,40,42,33,,,,,,,,,,,,,,,
부여읍,도시대기,충남,부여,55,54,56,34,48,31,26,28,24,32,43,40,,,,,,,,,,,,,,,
부평,도시대기,인천,부평구,57,52,64,41,51,28,31,29,26,33,41,44,도시대기,인천,부평구,45,84,71,64,87,50,34,34,37,54,48,48
부평역,도로변대기,인천,인천,64,79,91,69,89,49,49,42,48,56,51,45,도로변대기,인천,인천,41,74,62,56,71,47,35,35,37,49,44,44
부흥동,도시대기,전남,목포,50,54,62,37,48,32,30**,33,27,32,37,29,,,,,,,,,,,,,,,
북부동,도시대기,경남,양산,51,51,53,44,50,37,30,32,27,32,36,34,도시대기,경남,양산,40,60,57,46,62,40,31,32,35,49,50,51
북평면,교외대기,강원,정선,50,45,48,31,35,21,18,21,16,24,28,33,교외대기,강원,정선,31,40,41,37,52,24,18,19,15,23,25,25
불광동,,,,,,,,,,,,,,,,도시대기,서울,은평구,44,72,68,56,74,45,28,26,28,40,35,46
비전동,도시대기,경기,평택,82,70,84,58,69,40,28,29,25,36,45**,48,도시대기,경기,평택,53,86,74,73,86,63,35,31,38,63,57,84
빛가람동,도시대기,전남,나주,39,44,56,41,45,40,23,25,18,25,34,27,,,,,,,,,,,,,,,
사곡면,교외대기,충남,공주,59,53,56,35,46,35,24,24,25,31,39,39,교외대기,충남,공주,46,75,67,60,72,46,35,38,46,47,38,40
사당동,,,,,,,,,,,,,,,,도시대기,서울,동작구,43,74,60,56,72,47,31,25,27,39,36,41
사우동,도시대기,경기,김포,74,58,75,46,59,25,29,19,34,49,56,55,도시대기,경기,김포,49,77,72,58,78,46,29,33,37,53,47,50
사천동,도시대기,충북,청주,76,71,75,50,58,50,24,26,24,35,49,48,도시대기,충북,청주,68,107,90,79,84,62,33,31,39,65,62,73
사천읍,도시대기,경남,사천,43,44,42,32,37,30,22,26,22,25,35,34,,,,,,,,,,,,,,,
사파동,도시대기,경남,창원,54,54,52,43,48,37,32,34,28,30,40,38,도시대기,경남,창원,41,68,62,55,67,44,32,28,31,45,46,40
산남동,도시대기,충북,청주,-,67,70,43,51,35,25,24,22,33,46,47,,,,,,,,,,,,,,,
산본동,도시대기,경기,군포,74,63,74,52,63,39,37,31,21,31,39,40,도시대기,경기,군포,46,82,76,65,71,50,40,36,36,46,42,52
산청읍,도시대기,경남,산청,-,-,-,-,-,-,-,-,-,-,27,25,,,,,,,,,,,,,,,
삼남면,도시대기,울산,울주군,44,47,48,38,43,30,23,25,24,32,41,41,,,,,,,,,,,,,,,
삼방동,도시대기,경남,김해,50,54,56,45,52,38,34,36,30,32,39,38,도시대기,경남,김해,35,51,46,48,67,60,49,39,34,37,35,37
삼산,도시대기,인천,중구,-,-,-,-,-,-,-,-,25,32,37,33,,,,,,,,,,,,,,,
삼산동,도시대기,울산,남구,44,44,46,40,47,34,25,29,25,27,33,29,도시대기,울산,남구,38,58,62,54,70,50,35,25,28,40,41,39
삼일동,도시대기,전남,여수,36,42,39,30,37,28,20,24,21,24,34,25,도시대기,전남,여수,40,92,-,48,74,41,-,-,-,-,-,-
삼천동,도시대기,전북,전주,62,62,66,41,42,36,21,28,26,37,49,41,도시대기,전북,전주,50,78,69,61,63,55,35,34,36,44,47,52
상계동,,,,,,,,,,,,,,,,도시대기,서울,노원구,33,60,52,47,61,39,27,28,29,45,38,50
상남리,도시대기,울산,울주군,45,48,49,40,46,33,27,27,24,27,33,34,도시대기,울산,울주군,34,56,60,56,79,56,40,36,35,44,40,34
상대동,도시대기,대전,유성구,61,57,64,40,49,32,23,29,25,35,50,49,도시대기,경남,진주,42,69,60,58,76,47,35,33,32,43,44,46
상대동,도시대기,경남,진주,47,50,52,44,50,42,27,29,26,31,44,41,도시대기,경남,진주,42,69,60,58,76,47,35,33,32,43,44,46
상대원동,도시대기,경기,성남,69,55,68,41,50,32,31,31,25,36,143**,-,도시대기,경기,성남,52,85,73,64,71,47,32,31,32,46,44,53
상리,도시대기,강원,고성,45,41,49,35,43,25,22,24,23,27,28,27,,,,,,,,,,,,,,,
상봉동,도시대기,경남,진주,44,46,48,40,48,41,34,37,29,27,35,28,도시대기,경남,진주,27,53,49,52,80,67,-,-,26,35,38,35
상주시,도시대기,경북,상주,55,54,62,44,48,30,25,25,22,30,45,40,,,,,,,,,,,,,,,
새만금,교외대기,전북,부안,59,60,70,45,55,31,27,28,29,41,44,35,,,,,,,,,,,,,,,
서강동,도시대기,전남,여수,39,46,44,31,39,28,23,26,21,22,32,24,,,,,,,,,,,,,,,
서대문구,도시대기,서울,서대문구,66,55,69,44,59,30,24,23,20,28,34,40,,,,,,,,,,,,,,,
서면,도시대기,충남,서천,49,54,63,39,50,29,24,27,24,32,37,32,,,,,,,,,,,,,,,
서석동,도시대기,광주,동구,57,61,67,46,51,41,26,30,26,34,43,30,도시대기,광주,동구,36,62,56,56,75,48,28,26,24,34,38,36
서소문동,,,,,,,,,,,,,,,,도시대기,서울,중구,43,72,65,54,74,44,28,26,30,42,38,46
서신동,도로변대기,전북,전주,-,-,-,-,-,-,-,-,-,-,-,34**,,,,,,,,,,,,,,,
서울역,,,,,,,,,,,,,,,,도로변대기,서울,서울,43,58,69,62,85,54,39,33,26,32,-,-
서천읍,도시대기,충남,서천,49,61,70,41,47,25,26,33,29,42,47,41,,,,,,,,,,,,,,,
서초구,도시대기,서울,서초구,63,54,74,49,62,32,24,23,19,29,47,47,,,,,,,,,,,,,,,
서호동,도시대기,대구,동구,64,59,57,45,49,34,31,31,26,29,43,46,,,,,,,,,,,,,,,
석남,도시대기,인천,서구,53,48,62,43,48,29**,-,33,29,37,44,42,도시대기,인천,서구,43,81,70,65,86,53,36,37,40,55,47,51
석모리,교외대기,인천,강화군,63,55,64,40,50,26,28,30,31,41,44,45,교외대기,인천,강화군,37,63,65,56,79,41,27,34,33,51,44,44
석바위,도로변대기,인천,인천,44,54,72,53,60,34**,-,34,29,37,44,42,도로변대기,인천,인천,59,109,68,64,83,54,41,40,45,69,60,63
석사동,도시대기,강원,춘천,77,65,68,39,49,30,25,26,20,31,44,48,도시대기,강원,춘천,60,86,77,67,78,55,36,35,38,52,55,66
석포면,도시대기,경북,봉화,-,-,-,-,29,18,18,20,13,17,21,22,,,,,,,,,,,,,,,
선단동,도시대기,경기,포천,91,71,73,42,51,28,30,28,25,38,58,62,,,,,,,,,,,,,,,
설성면,교외대기,경기,이천,83,71,79,52,59,38,28,29,29,42,54,58,교외대기,경기,이천,69,107,78,70,73,51,30,29,35,54,54,66
성거읍,도시대기,충남,천안,76,69,80,45,50,32,27,27,25,37,58*,56,,,,,,,,,,,,,,,
성건동,도시대기,경북,경주,50,47,47,39,47,32,24,26,22,27,39,39,도시대기,경북,경주,36,60,59,50,69,58,36,37,34,41,46,40
성남대로(모란역),도로변대기,경기,성남,53,65,73,45,55,34,34,35,30,39,50,52,도로변대기,경기,성남,58,92,82,72,86,55,38,37,38,58,50,60
성남동,도시대기,대전,동구,70,66,70,40,46,32,24,25,22,26,40,36,도시대기,대전,동구,28,47,49,43,58,36,23,19,24,45,44,49
성남동,도시대기,대전,동구,70,66,70,40,46,32,24,25,22,26,40,36,도시대기,울산,중구,39,63,62,58,74,56,45,37,39,48,52,47
성남동,도시대기,울산,중구,45,47,49,42,48,36,30,32,23,26,34,34,도시대기,대전,동구,28,47,49,43,58,36,23,19,24,45,44,49
성남동,도시대기,울산,중구,45,47,49,42,48,36,30,32,23,26,34,34,도시대기,울산,중구,39,63,62,58,74,56,45,37,39,48,52,47
성동구,도시대기,서울,성동구,75,66,80,46,55,34,31,25,22,29,38,38,,,,,,,,,,,,,,,
성북구,도시대기,서울,성북구,64,55,65,42,58,30,23,26,29,40,47,43,,,,,,,,,,,,,,,
성산읍,도시대기,제주,서귀포,31,38,49,36,40,29,27,32,28,32,38,25,,,,,,,,,,,,,,,
성성동,도로변대기,충남,천안,70,79,85,58,66,48,34,33,31,47,57,55,도로변대기,충남,천안,48,81,68,65,72,60,40,40,39,55,50,48
성수동,,,,,,,,,,,,,,,,도시대기,서울,성동구,47,80,70,61,78,49,29,27,32,46,39,47
성주동,도시대기,경남,창원,-,-,37,34,38,28,23,27,23,28,37,37,,,,,,,,,,,,,,,
성황동,도시대기,충남,천안,71,65,76,48,56,37,31,33,29,40,53,50,도시대기,충남,천안,35,49,67,51,66,40,24,23,28,37,36,33
소계,도로변대기,경기,시도평균,51,65,77,49,60,35,34,33,28,36,45,48,도로변대기,경기,시도평균,57,96,83,73,88,57,40,38,41,59,52,57
소룡동,도시대기,전북,군산,61,63,73,48,62,35*,25,27,31,51,59,48,도시대기,전북,군산,46,67,71,72,101,59,34,36,40,55,54,50
소사본동,도시대기,경기,부천,71,61,79,53,66,43,41,36,34,45,50,50,도시대기,경기,부천,48,85,75,65,81,50,35,36,36,53,49,50
소하동,도시대기,경기,광명,71,61,73,47,60,35,32,33,29,40,46,43,도시대기,경기,광명,49,79,74,61,83,49,31,32,35,52,45,52
속초시,도시대기,강원,속초,49*,46,53,43,48,29,25,28,25,32,31,31,,,,,,,,,,,,,,,
송내대로(중동),도로변대기,경기,부천,50,73,94,62,71,43,42,34,28,35,39,38,,,,,,,,,,,,,,,
송단리,교외대기,전남,화순,39,45,42,23,31,24,16,19,16,22,29,20,교외대기,전남,화순,27,47,47,45,56,40,25,26,26,28,27,27
송도,도시대기,인천,연수구,59,53,66,42,47,29**,-,26,26,34,40,38,,,,,,,,,,,,,,,
송도동,도시대기,경북,포항,-,-,-,-,-,-,-,24,25,32,39,38,,,,,,,,,,,,,,,
송림,도시대기,인천,동구,71,64,74,47,58,32,33,35,33,37,46,45,도시대기,인천,동구,52,79,59,50,70,59,47,44,47,62,56,61
송북동,도시대기,경기,평택,82,67,81,53,64,39,32,29,26,38,51,48,,,,,,,,,,,,,,,
송산면,도시대기,충남,당진,86,79,100,67,83,54,34,35,35,52,57,56,,,,,,,,,,,,,,,
송정1동,도시대기,광주,광산구,42,47,51,37,45,33,25,32,25,32,42,31,,,,,,,,,,,,,,,
송정동,도시대기,충북,청주,69,66,67,47,53,38,25,27,29,40,50,48,도시대기,광주,광산구,32,52,50,51,65,43,28,27,30,39,34,32
송정동,도시대기,충북,청주,69,66,67,47,53,38,25,27,29,40,50,48,도시대기,충북,청주,62,98,84,74,80,60,33,31,43,68,63,64
송천동,도시대기,전북,전주,71,71,78,53,59,49,31,32,32,42,46,39,,,,,,,,,,,,,,,
송파구,도시대기,서울,송파구,69,56,67,43,54,31,23,21,19,29,36,36,,,,,,,,,,,,,,,
송해,도시대기,인천,강화군,67,57,67,43,52,30,31,32,32,35,42,43,도시대기,인천,강화군,42,69,65,56,72,39,27,29,33,47,44,43
송현,도로변대기,인천,인천,50,54,64,41,48,31,34,35,31,37,43,41,도로변대기,인천,인천,53,94,74,79,99,57,48,48,57,70,63,67
수내동,도시대기,경기,성남,65,58,68,41,54,32,31,31,22*,32,41,43,도시대기,경기,성남,38,74,66,60,79,50,34,32,35,41,36,41
수정동,도시대기,부산,동구,38,37,40,32,41,31,27,28,22,22,29,28,도시대기,부산,동구,-,-,-,-,-,-,28,22,21,30,27,27
수지,도시대기,경기,용인,65,57,70,41,53,28,25,25,21,30,42,44,도시대기,경기,용인,46,75,68,60,75,49,34,33,36,48,43,53
수창동,도시대기,대구,중구,60,54,55,40,48,29,23,24,20,26,40,40,도시대기,대구,중구,38,66,56,50,67,42,30,27,28,43,48,43
순창읍,도시대기,전북,순창,49,55,57,36,41,30,21,28,26,29,35,33,,,,,,,,,,,,,,,
순천만,도시대기,전남,순천,31,39,37,25,32,27,21,27,23,22,32,23,도시대기,전남,순천,29,48,39,43,65,37,25,25,27,36,31,29
숭의,도시대기,인천,남구,61,57,67,41,48,28,29,29,26,-,-,-,도시대기,인천,남구,42,83,63,60,77,41,31,33,34,48,40,39
숭의,도시대기,인천,미추홀구,-,-,-,-,-,-,-,-,-,34,45,44,도시대기,인천,남구,42,83,63,60,77,41,31,33,34,48,40,39
시도평균,도로변대기,서울,서울,45,59,73,47,59,33,30,27,24,33,43,46,도로변대기,서울,서울,51,87,77,67,81,52,35,34,34,48,42,50
시도평균,도로변대기,서울,서울,45,59,73,47,59,33,30,27,24,33,43,46,도로변대기,부산,부산,45,68,67,66,80,60,52,44,40,52,52,50
시도평균,도로변대기,서울,서울,45,59,73,47,59,33,30,27,24,33,43,46,도로변대기,대구,대구,51,78,70,60,75,52,37,33,35,57,62,60
시도평균,도로변대기,서울,서울,45,59,73,47,59,33,30,27,24,33,43,46,도로변대기,인천,인천,51,92,68,66,84,53,41,41,46,63,56,58
시도평균,도로변대기,서울,서울,45,59,73,47,59,33,30,27,24,33,43,46,도로변대기,광주,광주,46,85,72,72,78,62,37,35,41,56,55,50
시도평균,도로변대기,서울,서울,45,59,73,47,59,33,30,27,24,33,43,46,도로변대기,대전,대전,58,82,76,66,78,54,32,29,34,47,49,50
시도평균,도로변대기,부산,부산,39,48,50,42,49,32,28,29,24,27,34,33,도로변대기,서울,서울,51,87,77,67,81,52,35,34,34,48,42,50
시도평균,도로변대기,부산,부산,39,48,50,42,49,32,28,29,24,27,34,33,도로변대기,부산,부산,45,68,67,66,80,60,52,44,40,52,52,50
시도평균,도로변대기,부산,부산,39,48,50,42,49,32,28,29,24,27,34,33,도로변대기,대구,대구,51,78,70,60,75,52,37,33,35,57,62,60
시도평균,도로변대기,부산,부산,39,48,50,42,49,32,28,29,24,27,34,33,도로변대기,인천,인천,51,92,68,66,84,53,41,41,46,63,56,58
시도평균,도로변대기,부산,부산,39,48,50,42,49,32,28,29,24,27,34,33,도로변대기,광주,광주,46,85,72,72,78,62,37,35,41,56,55,50
시도평균,도로변대기,부산,부산,39,48,50,42,49,32,28,29,24,27,34,33,도로변대기,대전,대전,58,82,76,66,78,54,32,29,34,47,49,50
시도평균,도로변대기,대구,대구,53,57,58,44,52,39,32*,31**,28*,32,46,44,도로변대기,서울,서울,51,87,77,67,81,52,35,34,34,48,42,50
시도평균,도로변대기,대구,대구,53,57,58,44,52,39,32*,31**,28*,32,46,44,도로변대기,부산,부산,45,68,67,66,80,60,52,44,40,52,52,50
시도평균,도로변대기,대구,대구,53,57,58,44,52,39,32*,31**,28*,32,46,44,도로변대기,대구,대구,51,78,70,60,75,52,37,33,35,57,62,60
시도평균,도로변대기,대구,대구,53,57,58,44,52,39,32*,31**,28*,32,46,44,도로변대기,인천,인천,51,92,68,66,84,53,41,41,46,63,56,58
시도평균,도로변대기,대구,대구,53,57,58,44,52,39,32*,31**,28*,32,46,44,도로변대기,광주,광주,46,85,72,72,78,62,37,35,41,56,55,50
시도평균,도로변대기,대구,대구,53,57,58,44,52,39,32*,31**,28*,32,46,44,도로변대기,대전,대전,58,82,76,66,78,54,32,29,34,47,49,50
시도평균,도로변대기,인천,인천,53,62,76,55,65,40*,42*,37,36,43,46,43,도로변대기,서울,서울,51,87,77,67,81,52,35,34,34,48,42,50
시도평균,도로변대기,인천,인천,53,62,76,55,65,40*,42*,37,36,43,46,43,도로변대기,부산,부산,45,68,67,66,80,60,52,44,40,52,52,50
시도평균,도로변대기,인천,인천,53,62,76,55,65,40*,42*,37,36,43,46,43,도로변대기,대구,대구,51,78,70,60,75,52,37,33,35,57,62,60
시도평균,도로변대기,인천,인천,53,62,76,55,65,40*,42*,37,36,43,46,43,도로변대기,인천,인천,51,92,68,66,84,53,41,41,46,63,56,58
시도평균,도로변대기,인천,인천,53,62,76,55,65,40*,42*,37,36,43,46,43,도로변대기,광주,광주,46,85,72,72,78,62,37,35,41,56,55,50
시도평균,도로변대기,인천,인천,53,62,76,55,65,40*,42*,37,36,43,46,43,도로변대기,대전,대전,58,82,76,66,78,54,32,29,34,47,49,50
시도평균,도로변대기,광주,광주,51,71,73,51,54,46,32,33,31,39,50**,43*,도로변대기,서울,서울,51,87,77,67,81,52,35,34,34,48,42,50
시도평균,도로변대기,광주,광주,51,71,73,51,54,46,32,33,31,39,50**,43*,도로변대기,부산,부산,45,68,67,66,80,60,52,44,40,52,52,50
시도평균,도로변대기,광주,광주,51,71,73,51,54,46,32,33,31,39,50**,43*,도로변대기,대구,대구,51,78,70,60,75,52,37,33,35,57,62,60
시도평균,도로변대기,광주,광주,51,71,73,51,54,46,32,33,31,39,50**,43*,도로변대기,인천,인천,51,92,68,66,84,53,41,41,46,63,56,58
시도평균,도로변대기,광주,광주,51,71,73,51,54,46,32,33,31,39,50**,43*,도로변대기,광주,광주,46,85,72,72,78,62,37,35,41,56,55,50
시도평균,도로변대기,광주,광주,51,71,73,51,54,46,32,33,31,39,50**,43*,도로변대기,대전,대전,58,82,76,66,78,54,32,29,34,47,49,50
시도평균,도로변대기,대전,대전,61,69,73,45,50,34,26,26,21,28,46,45,도로변대기,서울,서울,51,87,77,67,81,52,35,34,34,48,42,50
시도평균,도로변대기,대전,대전,61,69,73,45,50,34,26,26,21,28,46,45,도로변대기,부산,부산,45,68,67,66,80,60,52,44,40,52,52,50
시도평균,도로변대기,대전,대전,61,69,73,45,50,34,26,26,21,28,46,45,도로변대기,대구,대구,51,78,70,60,75,52,37,33,35,57,62,60
시도평균,도로변대기,대전,대전,61,69,73,45,50,34,26,26,21,28,46,45,도로변대기,인천,인천,51,92,68,66,84,53,41,41,46,63,56,58
시도평균,도로변대기,대전,대전,61,69,73,45,50,34,26,26,21,28,46,45,도로변대기,광주,광주,46,85,72,72,78,62,37,35,41,56,55,50
시도평균,도로변대기,대전,대전,61,69,73,45,50,34,26,26,21,28,46,45,도로변대기,대전,대전,58,82,76,66,78,54,32,29,34,47,49,50
시지동,도시대기,대구,수성구,51,50,51,37,41,29,25,26,22,26,40,41,,,,,,,,,,,,,,,
시화산단,도시대기,경기,시흥,81,70,89,55,69,37,34,36,36,48,54,54,도시대기,경기,시흥,57,98,77,73,94,52,37,38,41,58,52,53
시흥대로,도로변대기,서울,서울,41,52,72,45,53,33,29,29,24,31,37,39,,,,,,,,,,,,,,,
시흥동,,,,,,,,,,,,,,,,도시대기,서울,금천구,37,65,54,50,68,51,31,30,28,35,27,39
식사동,도시대기,경기,고양,59,50,63,43,52,30*,27,29,29,38,46,39,도시대기,경기,고양,52,87,82,74,80,63,44,41,41,58,49,51
신대,도시대기,전남,순천,47,46,46,37,44,32,21,30,20,23,37,31,,,,,,,,,,,,,,,
신림동,,,,,,,,,,,,,,,,도시대기,서울,관악구,47,82,71,59,74,47,30,30,29,44,39,44
신사동,,,,,,,,,,,,,,,,도로변대기,서울,서울,50,84,72,61,79,48,32,31,33,49,44,51
신안군,도시대기,전남,신안,-,-,41,32,42,23,13,37,17,26,30,23,,,,,,,,,,,,,,,
신암동,도시대기,대구,동구,50,50,50,38,42,29,24,24,21,26,38,41,도시대기,대구,동구,37,50,53,44,55,44,32,33,30,38,45,40
신원동,도시대기,경기,고양,74,58,71,43,55,32,30,24,21,34,46,47,,,,,,,,,,,,,,,
신음동,,,,,,,,,,,,,,,,도시대기,경북,김천,42,81,67,61,78,55,42,37,34,44,53,45
신읍동,,,,,,,,,,,,,,,,도시대기,경기,포천,114,127,103,92,100,74,54,57,62,93,87,115
신장동,도시대기,경기,하남,88,75,78,39,49,25,24,25,18,27,43,43,도시대기,경기,하남,55,85,64,70,59,42,25,23,22,35,39,54
신정동,도시대기,울산,남구,37,39,41,34,40,28,24,27,20,19,25,25,도시대기,서울,양천구,41,70,57,52,62,47,22,25,25,36,32,40
신정동,도시대기,울산,남구,37,39,41,34,40,28,24,27,20,19,25,25,도시대기,울산,남구,33,52,55,55,73,49,29,27,30,40,38,35
신정로,도로변대기,울산,울산,36,46,45,36,39,28,25,28,27,27,32,33,도로변대기,울산,울산,48,68,69,60,74,57,28,25,28,37,37,40
신지면,도시대기,전남,완도,-,46,48,31,41,26,20,24,20,25,34,23,,,,,,,,,,,,,,,
신촌로,도로변대기,서울,서울,41,51,74,44,55,32,33,31,26,37,47,47,도로변대기,서울,서울,51,81,73,62,83,51,33,31,34,48,46,58
신태인,도시대기,전북,정읍,52,53,60,36,41,38,31,34,28,39,45,37,,,,,,,,,,,,,,,
신풍동,도시대기,경기,수원,65,57,65,41,54,31,29,30,25,33,42,39,도시대기,경기,수원,52,85,67,59,65,58,48,44,41,48,42,51
신풍동,도시대기,경기,수원,65,57,65,41,54,31,29,30,25,33,42,39,도시대기,전북,군산,43,76,68,65,88,47,34,35,37,48,48,50
신풍동,도시대기,전북,군산,60,62,72,45,61,37,28,32,27,35,44,37,도시대기,경기,수원,52,85,67,59,65,58,48,44,41,48,42,51
신풍동,도시대기,전북,군산,60,62,72,45,61,37,28,32,27,35,44,37,도시대기,전북,군산,43,76,68,65,88,47,34,35,37,48,48,50
신흥,도시대기,인천,중구,67,60,77,53,59,28,27,28,28,40,45,40,도시대기,인천,중구,56,105,77,74,94,56,41,40,43,62,58,59
신흥동,도시대기,세종,세종,74,68,75,44,54,38,23,28,23,35,47,50,,,,,,,,,,,,,,,
심원면,도시대기,전북,고창,50,53,61,40,48,32,26,26,26,33,37,30,,,,,,,,,,,,,,,
쌍문동,,,,,,,,,,,,,,,,도시대기,서울,도봉구,44,70,64,52,70,39,25,25,28,40,37,45
아름동,도시대기,세종,세종,69,64,68,40,55,37,25,31,29,34,45,44,,,,,,,,,,,,,,,
아주동,도시대기,경남,거제,39,43,43,36,45,31,26,31,30,32,36,29,도시대기,경남,거제,-,-,-,-,-,-,-,-,32,36,37,36
안강읍,도시대기,경북,경주,-,-,-,-,-,-,-,-,-,-,-,17**,,,,,,,,,,,,,,,
안계,교외대기,경북,의성,51,48,49,31,36,23,18,18,16,19,35,37,교외대기,경북,의성,41,63,58,48,60,40,23,21,19,30,36,45
안양2동,도시대기,경기,안양,77,58,70,42,53,30,28,31,26,36,47,50,도시대기,경기,안양,40,66,67,58,79,44,31,30,36,47,40,42
안양6동,도시대기,경기,안양,68,55,69,50,66,40,38,36,28,42,55,53,도시대기,경기,안양,50,83,75,68,81,67,54,48,39,52,46,47
안중,도시대기,경기,평택,75,68,81,52,64,37,39,38,39,43,45,41,도시대기,경기,평택,60,98,83,81,87,64,42,44,42,57,51,50
야음동,도시대기,울산,남구,43,43,45,37,46,34,26,28,23,22,28,30,도시대기,울산,남구,31,55,56,54,73,53,42,36,34,37,36,32
약사동,도시대기,울산,중구,39,40,43,35,44,31,25,28,23,22,30,28,,,,,,,,,,,,,,,
양구읍,도시대기,강원,양구,60*,47,57,40,45,27,23,25,19,25,35,37,,,,,,,,,,,,,,,
양양군,도시대기,강원,양양,41,38,45,35,43,26,22,22,17,25,27,26,,,,,,,,,,,,,,,
양재로,,,,,,,,,,,,,,,,도로변대기,서울,서울,57,105,87,76,82,56,45,46,44,59,58,64
양천구,도시대기,서울,양천구,73,64,80,44,56,30,32,31,27,39,49,49,,,,,,,,,,,,,,,
양평,도시대기,경기,양평,70,60,66,38,49,30,26,28,20,29,40,42,,,,,,,,,,,,,,,
양평군청,,,,,,,,,,,,,,,,도시대기,경기,양평,57,90,73,63,70,47,27,27,31,47,46,57
엄사면,도시대기,충남,계룡,57,51,60,36,46,29,22,24,21,27,41,38,,,,,,,,,,,,,,,
여주,도시대기,경기,여주,78,67,71,43,57,35,20,19,23,-,-,-,도시대기,경기,여주,66,103,84,76,83,59,35,33,38,59,56,68
여천동,도시대기,울산,남구,54,55,57,51,63,34,31,28,24,31,41,38,도시대기,울산,남구,39,59,70,67,89,70,58,39,45,56,55,51
여천동,도시대기,울산,남구,54,55,57,51,63,34,31,28,24,31,41,38,도시대기,전남,여수,-,50,48,-,-,-,30,30,36,43,40,40
여천동,도시대기,전남,여수,43,49,46,33,41,31,24,28,23,25,36,27,도시대기,울산,남구,39,59,70,67,89,70,58,39,45,56,55,51
여천동,도시대기,전남,여수,43,49,46,33,41,31,24,28,23,25,36,27,도시대기,전남,여수,-,50,48,-,-,-,30,30,36,43,40,40
연동,도시대기,제주,제주,40,47,55,43,50,37,28,32,29,35,45,34,도시대기,제주,제주,34,57,54,56,83,38,23,31,20,37,33,33
연산동,도시대기,부산,연제구,44,46,48,40,48,33,28,29,25,28,35,37,도시대기,부산,연제구,35,54,56,52,70,44,33,27,29,40,37,40
연지동,도시대기,전북,정읍,61,65,70,46,51,44,31,31,30,31,33,27,도시대기,전북,정읍,38,75,62,60,71,57,34,34,40,57,57,49
연천,도시대기,경기,연천,55,46,57,36,43,24,23,21,18,29,39,40,도시대기,경기,연천,61,74,72,61,69,34,27,25,32,49,48,58
연향동,도시대기,전남,순천,38,44,43,29,35,26,19,28,15,19,34,27,도시대기,전남,순천,27,53,44,45,65,40,27,26,28,37,35,30
연희,도시대기,인천,서구,57,50,59,37,46,25,29,29,24,29,34,36,도시대기,인천,서구,53,83,75,72,90,59,49,48,49,67,65,65
영광읍,도시대기,전남,영광,50,52,64,42,47,34,23,27,24,36,41,34,,,,,,,,,,,,,,,
영동읍,도시대기,충북,영동,65,64,67,42,45,36,26,26,23,29,42,43,,,,,,,,,,,,,,,
영등포구,도시대기,서울,영등포구,70,60,76,52,64,37,26,24,22,30,36,35,,,,,,,,,,,,,,,
영등포로,도로변대기,서울,서울,39,54,71,45,58,33,35,33,27,38,46,48,도로변대기,서울,서울,57,97,95,62,84,56,34,33,35,52,47,55
영월읍,도시대기,강원,영월,66,58,65,41,46,30,28,30,21,28,37,37,,,,,,,,,,,,,,,
영천시,도시대기,경북,영천,58,52,52,40,47,31,23,25,23,30,45,44,,,,,,,,,,,,,,,
영통동,도시대기,경기,수원,68,59,71,43,55,30,30,31,24,32,43,42,도시대기,경기,수원,48,79,72,63,76,49,29,30,35,50,46,51
예산군,도시대기,충남,예산,64,59,69,43,53,35,26,25,25,37,45,41,,,,,,,,,,,,,,,
오남읍,도시대기,경기,남양주,73,61,69,40,54,30,28,29,22,30,43,45,,,,,,,,,,,,,,,
오산동,도시대기,경기,오산,76,65,77,50,54,26,27,28,24,31,44,41,도시대기,경기,오산,67,103,74,74,75,73,43,33,37,52,46,51
오선동,도시대기,광주,광산구,51,53,56,36,44,35,24,27,24,32,37,32,도시대기,광주,광산구,48,82,70,69,79,57,35,32,36,51,47,46
오송읍,도시대기,충북,청주,-,66,72,46,56,39,26,28,27,40,50,51,,,,,,,,,,,,,,,
오정동,도시대기,경기,부천,84,66,83,62,59*,42**,29**,39,38,55,56,48,도시대기,경기,부천,57,98,91,75,93,57,37,34,32,46,50,59
오창읍,도시대기,충북,청주,65,61,67,45,53,33,22,21,18,28,40,38,도시대기,충북,청원,55,89,72,61,66,46,19,16,28,49,47,56
오천읍,도시대기,경북,포항,-,-,-,-,-,-,-,34,28,36,44,42,,,,,,,,,,,,,,,
옥천동,도시대기,강원,강릉,41,42,51,36,47,32,29,28,25,29*,-,30,도시대기,강원,강릉,39,62,67,62,62,36,27,22,27,38,45,37
옥천읍,도시대기,충북,옥천,65,64,67,43,49,36,24,26,23,31,45,45,,,,,,,,,,,,,,,
온천동,도로변대기,부산,부산,42,54,54,43,48,31,27,27,22,26,34,36,도로변대기,부산,부산,45,70,69,68,78,58,46,40,38,54,53,50
외동읍,도시대기,경북,경주,-,-,-,-,-,-,-,-,-,-,-,20**,,,,,,,,,,,,,,,
요촌동,도시대기,전북,김제,61,62,70,46,54,42,29,30,27,39,46,39,,,,,,,,,,,,,,,
용당동,도시대기,전남,목포,50,55,64,39,52,32,27,33,28,36,41,35,도시대기,전남,목포,30,50,42,44,58,32,31,21,19,30,38,31
용두동,,,,,,,,,,,,,,,,도시대기,서울,동대문구,46,78,70,58,255,42,27,28,31,47,42,50
용산구,도시대기,서울,용산구,54,49,59,31,41,20,21,23,17,23,32,37,,,,,,,,,,,,,,,
용수리,도시대기,부산,기장군,44,47,49,38,41,29,25,28,25,27,33,31,도시대기,부산,기장군,30,46,54,53,71,54,42,37,32,41,45,38
용암동,도시대기,충북,청주,69,66,68,40,49,36,24,27,24,33*,44**,49,도시대기,충북,청주,50,80,78,62,56,35,23,24,27,39,38,39
용지동,도시대기,경남,창원,45,47,46,38,44,33,29,34,28,28,35,33,도시대기,경남,창원,27,35,38,46,65,39,27,30,23,27,33,28
우만동,,,,,,,,,,,,,,,,도시대기,경기,수원,37,62,63,57,71,41,29,29,32,45,38,39
우정읍,도시대기,경기,화성,69,59,77,51,65,39,38,37,37,47,50,47,,,,,,,,,,,,,,,
운서,도시대기,인천,중구,50,46,54,33,41,24,27,29,25,31,33,33,도시대기,인천,중구,37,60,61,52,72,36,26,27,33,46,40,39
운암동,도로변대기,광주,광주,54,72,72,50,57,42,28,29,28,38,50,45,도로변대기,광주,광주,43,83,71,70,77,61,36,35,41,56,56,51
운암면,교외대기,전북,임실,72,75,81,48,43,39,28,29,28,29**,-,-,교외대기,전북,임실,36,60,50,51,58,48,25,21,25,29,30,33
운정,도시대기,경기,파주,77,59,70,44,61,32,31,31,30,45,54,48,,,,,,,,,,,,,,,
운중동,도시대기,경기,성남,69,60,70,41,53,31,30,30,24,34,41,42,도시대기,경기,성남,53,84,68,55,72,43,28,27,29,42,39,47
울릉읍,도시대기,경북,울릉도,-,-,-,-,-,-,30**,24,20,26,26,23,,,,,,,,,,,,,,,
울진군,도시대기,경북,울진,-,34*,43,32,37,22,24,24,18,24,27,26,,,,,,,,,,,,,,,
웅남동,도시대기,경남,창원,66,66,65,56,66,53,41,46,40,44,52,45,도시대기,경남,창원,49,78,67,60,77,50,37,34,39,56,60,56
웅상읍,도시대기,경남,양산,49,53,54,46,53,42,34,35,29,33,40,36,도시대기,경남,양산,28,38,35,41,61,49,26,22,22,34,33,30
원곡동,도시대기,경기,안산,56,50,62,38,47,26,27,31,30,37,42,43,도시대기,경기,안산,53,95,78,67,87,51,34,34,36,54,47,53
원당,도시대기,인천,서구,60,51,64,40,53,29,31,30,27,35,42,42,도시대기,인천,서구,-,-,-,-,-,-,-,-,-,-,48,45
원시동,도시대기,경기,안산,79,69,80,51,61,33,36,37,34,46,57,56,도시대기,경기,안산,56,93,79,75,88,64,49,46,50,65,54,45
원평동,도시대기,경북,구미,85,77,76,51,54,37,31,30,28,28,41,48,도시대기,경북,구미,42,71,62,53,66,42,26,25,26,38,43,44
월내동,도시대기,전남,여수,40,49,48,39,46,34,26,32,29,28,38,30,도시대기,전남,여수,32,52,45,48,69,42,33,31,31,38,37,35
월영동,도시대기,경남,창원,-,-,-,-,-,-,-,-,-,-,30,28,,,,,,,,,,,,,,,
월평동,도로변대기,대전,대전,50,62,67,39,48,36,28,25,22,31,43,40,도로변대기,대전,대전,51,72,68,58,77,54,31,29,34,43,46,42
율촌면,도시대기,전남,여수,42,43,40,28,37,30,23,27,24,24,36,28,,,,,,,,,,,,,,,
율하동,,,,,,,,,,,,,,,,도시대기,대구,동구,55,82,73,55,69,46,33,32,38,55,63,64
은평구,도시대기,서울,은평구,64,57,70,44,57,31,26*,26,22,29,37,40,,,,,,,,,,,,,,,
음성읍,도시대기,충북,음성,-,64,69,42,49,33,26,26,21,31,50,46,,,,,,,,,,,,,,,
읍내동,도시대기,대전,대덕구,77,68,75,45,50,32,26,25,22,31,44,42,도시대기,대전,대덕구,43,66,66,56,68,43,28,25,30,47,44,42
의령읍,도시대기,경남,의령,-,-,-,-,-,-,-,-,-,-,28,27,,,,,,,,,,,,,,,
의정부1동,도시대기,경기,의정부,74,53,64,38,52,36,32,33,26,37,47,45,도시대기,경기,의정부,65,90,70,57,56,42,34,31,28,33,29,38
의정부동,도시대기,경기,의정부,72,56,65,39,49,27,27,20,19,32,42,45,도시대기,경기,의정부,52,74,79,65,85,49,33,32,39,53,46,53
이곡동,도로변대기,대구,대구,54,60,60,46,54,42,35**,-,35**,29,41,40,,,,,,,,,,,,,,,
이도동,도시대기,제주,제주,38,46,56,43,45,30,27,28,28,34,43,32,도시대기,제주,제주,24,47,42,45,70,48,33,27,33,43,39,39
이동읍,도시대기,경기,용인,-,-,-,-,56,32,26,29,25,36,51,55,,,,,,,,,,,,,,,
이원면,도시대기,충남,태안,51,52,61,37,44,25,24,28,24,35,35,33,,,,,,,,,,,,,,,
이현동,도시대기,대구,서구,62,56,61,44,51,35,28,28,25,30,47,47,도시대기,대구,서구,49,76,63,61,76,57,44,40,38,57,47,42
인계동,도시대기,경기,수원,68,58,71,41,50,26,24,25,22,30,42,43,도시대기,경기,수원,47,85,73,64,78,49,30,29,34,49,44,48
인제군,도시대기,강원,인제,-,-,-,32*,43,25,22,24,15,21,28,31,,,,,,,,,,,,,,,
인주면,도시대기,충남,아산,69,72,87,61,67,50,34,38,36,54,57,50,,,,,,,,,,,,,,,
일동면,도시대기,경기,포천,79,64,66,38,43,24,24,25,21,31,46,50,,,,,,,,,,,,,,,
임실읍,도시대기,전북,임실,-,60,63,41,44,37,23,24,18,23,36,33,,,,,,,,,,,,,,,
장락동,도시대기,충북,제천,70,60,66,45,50,30,21,25,21,32,50,49,도시대기,충북,제천,64,98,83,69,74,48,24,21,35,53,57,68
장량동,도시대기,경북,포항,34,34,40,37,46,28,25,22,20,26,33,30,,,,,,,,,,,,,,,
장림동,도시대기,부산,사하구,62,55,54,42,55,36,30,33,28,34,46,47,도시대기,부산,사하구,62,75,72,65,89,71,61,52,49,72,69,71
장성읍,도시대기,전남,장성,50,52,58,41,45,33,20,20,21,31,39,34,,,,,,,,,,,,,,,
장수읍,도시대기,전북,장수,52,55,59,39,40,28,14*,26,30,36,51,46,,,,,,,,,,,,,,,
장유동,도시대기,경남,김해,39,46,44,34,38,29,24,29,23,24,32,33,,,,,,,,,,,,,,,
장천동,도시대기,전남,순천,51,53,50,36,41,33,22,33,28,25,37,30,도시대기,전남,순천,26,57,47,41,65,45,33,33,31,37,36,34
장항읍,도시대기,충남,서천,-,49,54,34,46,30,26,29,25,32,37,31,,,,,,,,,,,,,,,
장호원읍,도시대기,경기,이천,-,71,76,48,59,36,23,24,23,39,50,49,,,,,,,,,,,,,,,
장흥동,도시대기,경북,포항,53,53,55,43,52,46,39,35,30,34,44,41,도시대기,경북,포항,73,85,93,75,85,67,52,38,47,59,69,72
장흥읍,도시대기,전남,장흥,39,43,45,26,34,31,20,31,21,28,34,28,,,,,,,,,,,,,,,
저구리,교외대기,경남,거제,35,35,39,28,36,25,-,-,13**,-,-,19**,교외대기,경남,거제,43,61,59,57,79,46,43,36,29,40,36,41
전포동,도시대기,부산,부산진구,51,51,67,49,51,29,27,30,23,26,38,40,도시대기,부산,부산진구,38,64,64,67,92,79,39,33,31,42,38,38
전하동,도시대기,울산,동구,40,41,46,37,50,32,32,31,22,25,31,28,,,,,,,,,,,,,,,
정곡리,,,,,,,,,,,,,,,,도시대기,충남,당진,37,63,62,55,73,41,27,28,35,58,39,35
정릉로,도로변대기,서울,서울,48,61,74,50,63,34,25,23,19,28,42,48,,,,,,,,,,,,,,,
정림동,도시대기,대전,서구,52,53,60,35,44,32,27,29,22,26,40,37,도시대기,대전,서구,38,60,56,52,69,43,28,26,27,35,36,33
정선읍사무소,도시대기,강원,정선,49,44,48,32,39,26,27,26,20,29,37,41,,,,,,,,,,,,,,,
정왕동,도시대기,경기,시흥,82,69,85,58,70,37,33,31,35,47,55,55,도시대기,경기,시흥,56,98,77,71,94,51,36,37,39,57,50,56
정자동,도시대기,경기,성남,66,58,69,38,50,27,25,26,21,31,44,49,도시대기,경기,성남,41,65,57,49,53,49,32,29,29,36,35,44
종로,도로변대기,서울,서울,42,57,70,38,48,25,24,22,18,25,38,49,도로변대기,서울,서울,48,89,82,70,84,49,35,32,32,42,40,48
종로구,도시대기,서울,종로구,60,51,61,35,44,24,25,24,20,27,37,42,,,,,,,,,,,,,,,
좌동,도시대기,부산,해운대구,41,41,44,35,43,28,25,27,22,24,30,27,도시대기,부산,해운대구,26,41,42,41,57,31,26,22,21,30,28,28
주교면,도시대기,충남,보령,55,46,49,31,43,28,23,28,26,40,49,44,,,,,,,,,,,,,,,
주엽동,도시대기,경기,고양,71,58,74,48,62,34,33,29,29,42,51,47,,,,,,,,,,,,,,,
주월동,도시대기,광주,남구,58,61,68,47,54,45,32,35,32,38,48,41,도시대기,광주,남구,30,54,52,52,65,44,27,27,30,39,38,34
죽도동,,,,,,,,,,,,,,,,도시대기,경북,포항,35,53,56,47,65,42,29,25,27,36,36,34
죽항동,도시대기,전북,남원,62,67,67,46,50,37,21,25,21,23,33,29,도시대기,전북,남원,44,75,63,61,79,62,43,39,34,50,47,51
중2동,도시대기,경기,부천,70,60,77,50,63,36,37,32,31,45,55,50,도시대기,경기,부천,47,89,80,70,86,56,39,38,43,61,53,54
중구,도시대기,서울,중구,60,53,62,35,44,23,26,24,20,27,36,40,,,,,,,,,,,,,,,
중동,도시대기,전남,광양,-,45,47,37,45,36,23,25,22,20,33,26,도시대기,전남,광양,32,63,49,46,64,41,32,29,28,34,35,34
중랑구,도시대기,서울,중랑구,58,51,60,32,42,22,22,21,14*,45**,40,42,,,,,,,,,,,,,,,
중방동,도시대기,경북,경산,64,60,59,44,48,37,31,33,23,27,41,45,,,,,,,,,,,,,,,
중부대로(구갈동),도로변대기,경기,용인,51,64,75,48,59,35,34,33,27,35,47,52,,,,,,,,,,,,,,,
중앙대로(고잔동),도로변대기,경기,안산,48,62,65,40,50,28,29,29,24,33,39,29**,도로변대기,경기,안산,53,92,76,64,82,50,33,33,37,53,47,52
중앙동,도시대기,경기,여주,-,-,-,-,-,-,-,-,-,34,49,49,도시대기,강원,원주,70,102,82,71,72,51,31,28,31,52,61,78
중앙동,도시대기,강원,원주,79,71,80,52,59,41,35,37,27,26,39,38,도시대기,강원,원주,70,102,82,71,72,51,31,28,31,52,61,78
중앙동,도시대기,전북,전주,68,72,75,48,49,41,26,32,30,40,47,39*,도시대기,강원,원주,70,102,82,71,72,51,31,28,31,52,61,78
중앙로,도시대기,강원,춘천,72,59,65,40,48,31,26,28,20,31,46,46,도시대기,강원,춘천,53,73,66,52,69,35,22,22,25,38,43,51
증평읍,도시대기,충북,증평,69,63,67,40,57,46,30,28,21,32,47,46,,,,,,,,,,,,,,,
지산동,도시대기,대구,수성구,57,55,52,35,38,28,20,21,18,25,36,39,도시대기,대구,수성구,44,71,64,56,73,49,33,31,35,46,50,46
지품면,교외대기,경북,영덕,47,46,49,40,47*,33,29,30,24,-,-,-,교외대기,경북,영덕,34,49,57,43,51,31,22,18,19,29,29,38
진도읍,도시대기,전남,진도,-,43,46,30,40,26,20,24,21,29,33,26,,,,,,,,,,,,,,,
진상면,도시대기,전남,광양,42,50,46,33,36,33,25,28**,20,21,32,28**,도시대기,전남,광양,53,78,66,64,80,67,57,47,37,34,35,35
진안읍,도시대기,전북,진안,55,55,62,39,41,37,24,24,19,24,38,33,,,,,,,,,,,,,,,
진영읍,도시대기,경남,김해,-,-,-,-,-,-,-,-,-,-,37,37,,,,,,,,,,,,,,,
진천동,도시대기,대구,달서구,53,50,48,35,40,29,23*,-,-,25,38,38,,,,,,,,,,,,,,,
진천읍,도시대기,충북,진천,69,62,67,43,50,34,26,27,25,35,47,45,,,,,,,,,,,,,,,
창녕읍,도시대기,경남,창녕,-,-,-,-,-,-,-,-,-,-,34,33,,,,,,,,,,,,,,,
창전동,도시대기,경기,이천,77,64,70,44,55,32,25,24,19,31,42,46,도시대기,경기,이천,63,97,78,75,83,69,51,42,47,65,61,65
천곡동,도시대기,강원,동해,41,43,49,38,45,30,26,25,19,25,30*,24,도시대기,강원,동해,33,51,58,59,69,35,24,17,19,35,38,30
천천동,도시대기,경기,수원,68,59,73,43,57,31,32,32,26,36,44,46,도시대기,경기,수원,46,85,76,66,83,52,35,34,37,49,44,54
천호대로,도로변대기,서울,서울,44,63,74,45,56,34,33,33,27,35,47,52,,,,,,,,,,,,,,,
천호동,,,,,,,,,,,,,,,,도시대기,서울,강동구,42,70,62,55,72,41,26,25,28,40,36,46
철산동,도시대기,경기,광명,76,63,79,47,60,33,32,30,28,41,63**,41**,도시대기,경기,광명,52,89,81,66,86,53,35,29,33,49,45,49
철원군,도시대기,강원,철원,67,51,62,39,49,27,26,20,20,29,39,40,,,,,,,,,,,,,,,
청계동,도시대기,경기,화성,74,64,78,49,62,38,34,30,25,32,43,40,,,,,,,,,,,,,,,
청계천로,도로변대기,서울,서울,36,53,65,38,49,27,30,29,23,31,40,41,도로변대기,서울,서울,44,76,65,55,72,45,31,29,30,44,41,49
청라,도시대기,인천,서구,62,55,68,43,56,33,32,32,29,38,44,41,,,,,,,,,,,,,,,
청량리,,,,,,,,,,,,,,,,도로변대기,서울,서울,53,96,75,66,75,50,33,33,35,48,43,55
청룡동,도시대기,부산,금정구,47,51,50,38,43,32,26,29,24,25,31,30,도시대기,부산,금정구,39,68,55,52,74,44,36,29,30,42,39,37
청림동,도시대기,경북,포항,-,-,-,-,-,-,-,34,31,41,54,50,,,,,,,,,,,,,,,
청양읍,도시대기,충남,청양,58,54,61,39,46,31,23,24,18,31,38,36,,,,,,,,,,,,,,,
청천면,교외대기,충북,괴산,61,55,57,34,40,32,27,21,17,27,46,47,교외대기,충북,괴산,-,-,61,49,49,33,23,22,24,34,37,51
초량동,도로변대기,부산,부산,41,47,50,43,53,37,30,30,26,27,33,32,도로변대기,부산,부산,45,66,65,64,81,62,58,48,41,50,50,50
치악산,교외대기,강원,횡성,59,50,58,34,41,24,19,19,14,25,33,34,교외대기,강원,횡성,48,69,65,55,64,36,24,24,22,32,33,42
치평동,도로변대기,광주,광주,49,69,75,52,52,50,36,36,34,40*,-,29**,도로변대기,광주,광주,48,86,73,73,78,62,38,34,41,55,53,48
칠곡군,도시대기,경북,칠곡,56,51,51,37,40,29,24,26,24,27,39,38,,,,,,,,,,,,,,,
칠금동,도시대기,충북,충주,81,64,72,44,52,40,26,27,26,40,55,53,도시대기,충북,충주,65,99,80,70,71,44,31,29,37,54,58,73
태릉,,,,,,,,,,,,,,,,도로변대기,서울,서울,61,101,83,74,81,51,36,36,39,50,47,55
태백시,도시대기,강원,태백,-,41,50,36,42,28,31,31,25,31,38,36,,,,,,,,,,,,,,,
태안읍,도시대기,충남,태안,60,61,69,43,51,29,27,32,30,41,44,40,,,,,,,,,,,,,,,
태인동,도시대기,전남,광양,36,43,43,35,44,37,26,25,23,25,30,25,도시대기,전남,광양,32,61,49,55,77,64,49,39,33,37,35,33
태전동,도시대기,대구,북구,59,56,56,42,46,34,29,30,27,30,42,41,도시대기,대구,북구,32,48,49,46,65,40,28,23,26,33,32,31
태종대,도시대기,부산,영도구,48,54,62,45,37**,27,21,27,21,23,31,26,도시대기,부산,영도구,38,57,57,58,73,46,39,35,35,47,43,43
태평동,,,,,,,,,,,,,,,,도시대기,전북,전주,46,76,41,42,72,52,29,25,26,34,33,35
태하리,국가배경농도,경북,울릉도,42*,45,51,40,42*,21,26,-,-,-,-,17**,국가배경농도,경북,울릉도,33,50,58,-,-,-,25,18,23,33,33,29
통진읍,도시대기,경기,김포,74,55,71,47,61,29,26,27,24,38,45,45,도시대기,경기,김포,58,91,91,88,94,72,48,40,44,47,55,53
파도리,교외대기,충남,태안,57,56,63,39,53,27,23,30,30,45,47,43,교외대기,충남,태안,46,77,76,69,96,48,39,42,44,50,-,-
파주,교외대기,경기,파주,80,62,73,46,56,28,26,24,22,37,44,49,,,,,,,,,,,,,,,
팔복동,도시대기,전북,전주,63,65,68,46,51,42,29,34,29,37,51,35,도시대기,전북,전주,50,80,67,66,79,57,32,30,34,48,50,52
팔봉동,도시대기,전북,익산,66,65,74,49,58,40,26,27,25,39,53,39,도시대기,전북,익산,55,75,75,69,77,66,36,31,38,59,59,54
평리동,도로변대기,대구,대구,53,54,56,41,50,36,30,31,27,35,51,47,도로변대기,대구,대구,61,88,78,66,78,55,38,33,38,67,72,73
평창읍,도시대기,강원,평창,62,56,65,43,47,33,29,29,24,31,40,43,,,,,,,,,,,,,,,
평택항,도시대기,경기,평택,83,74,94,61,71,42,38,38,43,55,58,51,,,,,,,,,,,,,,,
하동읍,도시대기,경남,하동,38,52,47,36,42,42,-,-,-,19,27,27,도시대기,경남,하동,34,59,52,53,66,47,28,26,28,35,33,33
학장동,도시대기,부산,사상구,62,56,61,45,52,34,30,32,25,30,42,49,도시대기,부산,사상구,57,70,73,68,89,65,54,48,43,60,59,60
한강대로,도로변대기,서울,서울,48,63,80,56,71,43,33,28,24,31,38,43,,,,,,,,,,,,,,,
한남동,,,,,,,,,,,,,,,,도시대기,서울,용산구,47,78,71,58,76,45,29,28,30,41,38,47
한솔동,도시대기,세종,세종,62,58,65,35,44,30,21,24,19,28,40,42,,,,,,,,,,,,,,,
함양읍,도시대기,경남,함양,47,52,57,37,43,33,23,24,20,27,36,30,,,,,,,,,,,,,,,
함평읍,도시대기,전남,함평,-,48,54,33,42,31,22,25,21,32,39,36,,,,,,,,,,,,,,,
합천읍,도시대기,경남,합천,-,-,-,-,-,-,-,-,-,-,27,26,,,,,,,,,,,,,,,
해남읍,도시대기,전남,해남,40,43,52,34,45,35,23,27,23,32,35,28,,,,,,,,,,,,,,,
행신동,도시대기,경기,고양,68,55,69,41,56,29,27**,22,26,36,44,43,도시대기,경기,고양,56,93,85,74,90,61,40,39,40,54,50,58
향남,도시대기,경기,화성,72,62,76,48,61,34,29,26,28,41,51,50,도시대기,경기,화성,60,96,84,79,88,64,43,43,46,65,55,62
현풍면,도시대기,대구,달성군,59,57,53,41,48,35,28,25,22,24,38,31**,도시대기,대구,달성군,32,52,50,45,65,39,27,30,29,39,39,35
형곡동,도시대기,경북,구미,70,69,69,52,59,43,36,35,31,30,39,41,도시대기,경북,구미,35,65,57,49,66,41,25,23,21,31,35,35
호계동,도시대기,경기,안양,73,62,74,48,59,34,29,22,23,34,46,48,도시대기,경기,안양,59,98,84,76,93,68,51,45,34,49,44,48
호두리,도시대기,전남,순천,34,44,39,29,38,26,20,25,21,21,31,24,도시대기,전남,순천,19,31,28,29,46,30,29,31,33,40,33,30
호림동,도시대기,대구,달서구,52,54,54,42,48,37,27,26,23,25,36,39,,,,,,,,,,,,,,,
호매실동,도시대기,경기,수원,-,-,-,43,57,32,39,33,27,38,49,47,,,,,,,,,,,,,,,
호수동,도시대기,경기,안산,57,51,61,36,45,24,25,26,25,30,36,39,도시대기,경기,안산,48,79,72,56,71,51,35,36,35,46,43,45
호암동,도시대기,충북,충주,68,54,59,37,47,-,21,22,19,28,44,44,도시대기,충북,충주,43,63,56,48,59,36,25,25,28,42,43,45
홍릉로,도로변대기,서울,서울,47,62,71,45,66,41**,37*,33,28,37,53**,42*,,,,,,,,,,,,,,,
홍성읍,도시대기,충남,홍성,56,54,63,39,50,30,24,24,25,39,45,40,,,,,,,,,,,,,,,
홍천읍,도시대기,강원,홍천,-,59,64,33,38,21,17,23,20,29,43,51,,,,,,,,,,,,,,,
화곡동,,,,,,,,,,,,,,,,도시대기,서울,강서구,48,78,70,57,76,45,28,28,32,47,44,50
화도읍,도시대기,경기,남양주,72,61,71,45,56,36,34,29,21,35,48,48,,,,,,,,,,,,,,,
화랑로,도로변대기,서울,서울,41,54,64,40,54,29,28**,19,26,37,45,50**,,,,,,,,,,,,,,,
화북면,교외대기,경북,영천,52,49,48,35,42,30,25,27,19,18*,26*,29,교외대기,경북,영천,35,61,61,52,61,55,43,34,29,39,41,46
화산리,도시대기,울산,울주군,51,51,59,48,61,40,41,39,34,34,41,42,도시대기,울산,울주군,42,55,68,67,80,61,49,45,43,52,53,45
화순읍,도시대기,전남,화순,-,-,50,36,42,33,22,24,20,27,33,26,,,,,,,,,,,,,,,
화양면,도시대기,전남,여수,36,41,40,29,38,27,21,26,23,25,33,24,,,,,,,,,,,,,,,
화천군,도시대기,강원,화천,-,46,56,35,40,25,23,24,19,23,30,33,,,,,,,,,,,,,,,
회원동,도시대기,경남,창원,63,59,56,42,51,40,29,36,31,36,42,33,도시대기,경남,마산,40,61,52,52,75,52,39,36,35,41,45,38
횡성군,도시대기,강원,횡성,66,57,75,42,51,32,25,26,20,28,41,46,,,,,,,,,,,,,,,
효문동,도시대기,울산,북구,49,48,51,43,54,37,36,33,28,32,39,37,도시대기,울산,북구,57,75,89,77,90,76,67,55,50,64,66,62
효제동,,,,,,,,,,,,,,,,도시대기,서울,종로구,42,71,54,58,72,42,27,26,29,43,38,47
휴천2동,도시대기,경북,영주,98,84,82,56,62,38,33,34,31,-,-,-,도시대기,경북,영주,45,71,55,47,51,53,43,36,33,50,50,55
