대기오염 종류,광역시도,시군구,읍면동,2019.01,2019.02,2019.03,2019.04,2019.05,2019.06,2019.07,2019.08,2019.09,2019.10,2019.11,2019.12
도시대기,서울특별시,중구,예관동,60,53,62,35,44,23,26,24,20,27,36,40
도시대기,서울특별시,종로구,수송동,60,51,61,35,44,24,25,24,20,27,37,42
도시대기,서울특별시,중랑구,신내동,58,51,60,32,42,22,22,21,14*,45**,40,42
도시대기,서울특별시,동대문구,용두동,61,54,63,33,42,22,22,21,16*,43**,42,43
도시대기,서울특별시,은평구,녹번동,64,57,70,44,57,31,26*,26,22,29,37,40
도시대기,서울특별시,마포구,성산동,73,61,77,50,65,36,25,23,16**,43**,41,40
도시대기,서울특별시,영등포구,당산동,70,60,76,52,64,37,26,24,22,30,36,35
도시대기,서울특별시,동작구,노량진동,64,59,68,39,48,29,30,30,29,35,44,46
도시대기,서울특별시,관악구,봉천동,72,63,76,48,62,35,26,24,-,45**,44,43
도시대기,서울특별시,강남구,삼성동,61,54,64,34,43,24,29,29,24*,33,44,43
도시대기,서울특별시,금천구,시흥동,64,57,66,38,45,25,25,24,19,28,35,36
도시대기,서울특별시,강동구,성내동,65,58,67,37,47,26,26,22,19,34,54,48
도시대기,서울특별시,강북구,수유동,71,62,73,39,52,30,31,32,26,36,41,46
도시대기,서울특별시,성북구,삼선동,64,55,65,42,58,30,23,26,29,40,47,43
도시대기,서울특별시,용산구,이태원동,54,49,59,31,41,20,21,23,17,23,32,37
도시대기,서울특별시,광진구,자양동,65,55,69,43,57,32*,27,28,24,34,40,37
도시대기,서울특별시,성동구,행당동,75,66,80,46,55,34,31,25,22,29,38,38
도시대기,서울특별시,도봉구,방학동,62,52,65,38,53,29,23,20,17,25,32,38
도시대기,서울특별시,서대문구,연희동,66,55,69,44,59,30,24,23,20,28,34,40
도시대기,서울특별시,구로구,구로동,67,56,72,46,61,31,19,22,19,27,42,40
도시대기,서울특별시,서초구,서초동,63,54,74,49,62,32,24,23,19,29,47,47
도시대기,서울특별시,강서구,화곡동,76,65,79,42,53,27,28,27,24,36,48,52
도시대기,서울특별시,송파구,신천동,69,56,67,43,54,31,23,21,19,29,36,36
도시대기,서울특별시,양천구,신정동,73,64,80,44,56,30,32,31,27,39,49,49
도시대기,서울특별시,노원구,노원동,68,58,67,37,48,26,27,26,21,28,35,38
도시대기,부산광역시,중구,광복동,51,53,55,41,51,34,28,32,27,26,34,30
도시대기,부산광역시,남구,대연동,43,42,45,36,47,31,27,31,24,26,33,31
도시대기,부산광역시,사상구,학장동,62,56,61,45,52,34,30,32,25,30,42,49
도시대기,부산광역시,사상구,덕포동,52,48,51,41,51,33,25,28,23,26,36,40
도시대기,부산광역시,북구,덕천동,53,51,54,48,36*,29,28,30,24,28,37,40
도시대기,부산광역시,사하구,장림동,62,55,54,42,55,36,30,33,28,34,46,47
도시대기,부산광역시,사하구,당리동,0,-,-,-,-,-,20,22,16,19,27,30
도시대기,부산광역시,부산진구,전포동,51,51,67,49,51,29,27,30,23,26,38,40
도시대기,부산광역시,부산진구,개금동,0,-,-,-,-,-,21,26,22,27,36,41
도시대기,부산광역시,연제구,연산동,44,46,48,40,48,33,28,29,25,28,35,37
도시대기,부산광역시,영도구,태종대,48,54,62,45,37**,27,21,27,21,23,31,26
도시대기,부산광역시,금정구,청룡동,47,51,50,38,43,32,26,29,24,25,31,30
도시대기,부산광역시,금정구,부곡동,40,41,44,38,44,29,25,29,24,26,31,31
도시대기,부산광역시,해운대구,좌동,41,41,44,35,43,28,25,27,22,24,30,27
도시대기,부산광역시,강서구,대저동,60,56,56,44,52*,34**,25,30,24,27,34,39
도시대기,부산광역시,강서구,녹산동,49,51,51,41,54*,39,32,36,30,33,41,42
도시대기,부산광역시,기장군,기장읍,36,41,43,34,41,27,23,26,22,27,30,26
도시대기,부산광역시,기장군,용수리,44,47,49,38,41,29,25,28,25,27,33,31
도시대기,부산광역시,수영구,광안동,44,44,47,41,51,35,29,32,25,24,34,31
도시대기,부산광역시,동래구,명장동,48,48,49,41,50,33,29,33,26,29,35,37
도시대기,부산광역시,동구,수정동,38,37,40,32,41,31,27,28,22,22,29,28
도시대기,부산광역시,서구,대신동,51,50,50,39,47,32,29,31,25,28,38,37
도시대기,대구광역시,중구,수창동,60,54,55,40,48,29,23,24,20,26,40,40
도시대기,대구광역시,서구,이현동,62,56,61,44,51,35,28,28,25,30,47,47
도시대기,대구광역시,남구,대명동,59,55,54,39,45,30,22,23,21,26,44,45
도시대기,대구광역시,북구,노원동,61,56,59,46,52,36,29,29,27,31,43,42
도시대기,대구광역시,북구,태전동,59,56,56,42,46,34,29,30,27,30,42,41
도시대기,대구광역시,동구,신암동,50,50,50,38,42,29,24,24,21,26,38,41
도시대기,대구광역시,동구,서호동,64,59,57,45,49,34,31,31,26,29,43,46
도시대기,대구광역시,수성구,만촌동,60,61*,54,41,46,32,26,25,21,28,41,45
도시대기,대구광역시,수성구,지산동,57,55,52,35,38,28,20,21,18,25,36,39
도시대기,대구광역시,수성구,시지동,51,50,51,37,41,29,25,26,22,26,40,41
도시대기,대구광역시,달서구,호림동,52,54,54,42,48,37,27,26,23,25,36,39
도시대기,대구광역시,달서구,진천동,53,50,48,35,40,29,23*,-,-,25,38,38
도시대기,대구광역시,달성군,다사읍,0,53*,55,41,47,36,29,30,31,32,42,40
도시대기,대구광역시,달성군,현풍면,59,57,53,41,48,35,28,25,22,24,38,31**
도시대기,인천광역시,중구,신흥동,67,60,77,53,59,28,27,28,28,40,45,40
도시대기,인천광역시,중구,삼산동,0,-,-,-,-,-,-,-,25,32,37,33
도시대기,인천광역시,중구,운서동,50,46,54,33,41,24,27,29,25,31,33,33
도시대기,인천광역시,동구,송림동,71,64,74,47,58,32,33,35,33,37,46,45
도시대기,인천광역시,남동구,구월동,70,62,74,49,57,34,31,30,29,38,44,46
도시대기,인천광역시,남동구,고잔동,0,78**,64,40,46,24,27,28,27,34,39,36
도시대기,인천광역시,남동구,논현동,62,57,68,41,50,30,33,32,27,29,35,37
도시대기,인천광역시,남구,숭의동,61,57,67,41,48,28,29,29,26,-,-,-
도시대기,인천광역시,부평구,부평동,57,52,64,41,51,28,31,29,26,33,41,44
도시대기,인천광역시,서구,연희동,57,50,59,37,46,25,29,29,24,29,34,36
도시대기,인천광역시,서구,석남동,53,48,62,43,48,29**,-,33,29,37,44,42
도시대기,인천광역시,서구,검단동,72,61,74,45,56,32,37,33,29,42,49,45
도시대기,인천광역시,서구,원당동,60,51,64,40,53,29,31,30,27,35,42,42
도시대기,인천광역시,서구,청라동,62,55,68,43,56,33,32,32,29,38,44,41
도시대기,인천광역시,계양구,계산동,60,51,69,46,59,29,30,28,26,35,39,41
도시대기,인천광역시,강화군,송해면,67,57,67,43,52,30,31,32,32,35,42,43
도시대기,인천광역시,강화군,길상면,0,-,-,-,-,-,-,-,-,45*,41,39
도시대기,인천광역시,연수구,동춘동,58,54,64,40,47,28,31,32,29,35,39,40
도시대기,인천광역시,연수구,송도,59,53,66,42,47,29**,-,26,26,34,40,38
도시대기,인천광역시,미추홀구,숭의동,0,-,-,-,-,-,-,-,-,34,45,44
도시대기,광주광역시,동구,서석동,57,61,67,46,51,41,26,30,26,34,43,30
도시대기,광주광역시,서구,농성동,55,60,68,47,51,40,30,31,27,35,43,34
도시대기,광주광역시,북구,두암동,55,58,66,44,51,41,29,29,25,34,43,32
도시대기,광주광역시,북구,건국동,50,56,68,47,55,46,34,36,30,39,41,30
도시대기,광주광역시,광산구,송정1동,42,47,51,37,45,33,25,32,25,32,42,31
도시대기,광주광역시,광산구,오선동,51,53,56,36,44,35,24,27,24,32,37,32
도시대기,광주광역시,남구,주월동,58,61,68,47,54,45,32,35,32,38,48,41
도시대기,대전광역시,대덕구,읍내동,77,68,75,45,50,32,26,25,22,31,44,42
도시대기,대전광역시,대덕구,문평동,80,75,78,46,51,32,23,24,23,36,49,46
도시대기,대전광역시,중구,문창동,60,58,60,36,45,31,27,29,21,26,40,37
도시대기,대전광역시,유성구,상대동,61,57,64,40,49,32,23,29,25,35,50,49
도시대기,대전광역시,유성구,구성동,64,61,70,42,45,26,18,19*,18,27,38,38
도시대기,대전광역시,유성구,노은동,81,72,77,43,49,27,17,23,23,25,46,46
도시대기,대전광역시,동구,성남동,70,66,70,40,46,32,24,25,22,26,40,36
도시대기,대전광역시,동구,대성동,58,55,59,36,36,26,20,21,21,25,38,37
도시대기,대전광역시,서구,정림동,52,53,60,35,44,32,27,29,22,26,40,37
도시대기,대전광역시,서구,둔산동,59,55,63,36,48,31,26,29,22,31,44,37
도시대기,울산광역시,중구,성남동,45,47,49,42,48,36,30,32,23,26,34,34
도시대기,울산광역시,중구,약사동,39,40,43,35,44,31,25,28,23,22,30,28
도시대기,울산광역시,남구,부곡동,47,50,56,48,57,42,34,33,27,31,37,34
도시대기,울산광역시,남구,여천동,54,55,57,51,63,34,31,28,24,31,41,38
도시대기,울산광역시,남구,야음동,43,43,45,37,46,34,26,28,23,22,28,30
도시대기,울산광역시,남구,신정동,37,39,41,34,40,28,24,27,20,19,25,25
도시대기,울산광역시,남구,무거동,44,46,48,40,47,36,31,35,28,23,27,34
도시대기,울산광역시,남구,삼산동,44,44,46,40,47,34,25,29,25,27,33,29
도시대기,울산광역시,울주군,덕신리,42,43,45,37,45,32,29,31,28,25,29,28
도시대기,울산광역시,울주군,삼남면,44,47,48,38,43,30,23,25,24,32,41,41
도시대기,울산광역시,울주군,화산리,51,51,59,48,61,40,41,39,34,34,41,42
도시대기,울산광역시,울주군,상남리,45,48,49,40,46,33,27,27,24,27,33,34
도시대기,울산광역시,북구,효문동,49,48,51,43,54,37,36,33,28,32,39,37
도시대기,울산광역시,북구,농소동,51,50,49,39,44,29,23,27,27,31,43,41
도시대기,울산광역시,동구,대송동,45,43,46,37,45,30,31,32,28,27,31,27
도시대기,울산광역시,동구,전하동,40,41,46,37,50,32,32,31,22,25,31,28
도시대기,세종특별자치시,세종특별자치시,신흥동,74,68,75,44,54,38,23,28,23,35,47,50
도시대기,세종특별자치시,세종특별자치시,아름동,69,64,68,40,55,37,25,31,29,34,45,44
도시대기,세종특별자치시,세종특별자치시,한솔동,62,58,65,35,44,30,21,24,19,28,40,42
도시대기,세종특별자치시,세종특별자치시,부강면,75,68,74,42,50,30,22,24,22,34,47,50
도시대기,경기도,수원시,인계동,68,58,71,41,50,26,24,25,22,30,42,43
도시대기,경기도,수원시,신풍동,65,57,65,41,54,31,29,30,25,33,42,39
도시대기,경기도,수원시,광교동,64,58,70,42,52,32,33,35,27,32,39,41
도시대기,경기도,수원시,영통동,68,59,71,43,55,30,30,31,24,32,43,42
도시대기,경기도,수원시,천천동,68,59,73,43,57,31,32,32,26,36,44,46
도시대기,경기도,수원시,고색동,62,55,66,36,43,24,27,25,20,25,35,40
도시대기,경기도,수원시,호매실동,0,-,-,43,57,32,39,33,27,38,49,47
도시대기,경기도,안양시,안양6동,68,55,69,50,66,40,38,36,28,42,55,53
도시대기,경기도,안양시,부림동,78,67,81,53,65,35,36**,38**,25,34,43,44
도시대기,경기도,안양시,호계동,73,62,74,48,59,34,29,22,23,34,46,48
도시대기,경기도,안양시,안양2동,77,58,70,42,53,30,28,31,26,36,47,50
도시대기,경기도,성남시,단대동,61,52,61,36,50,30,28,28,25,32,40,38
도시대기,경기도,성남시,정자동,66,58,69,38,50,27,25,26,21,31,44,49
도시대기,경기도,성남시,수내동,65,58,68,41,54,32,31,31,22*,32,41,43
도시대기,경기도,성남시,복정동,72,61,67,41,51,31,30,32,26,35,44,41
도시대기,경기도,성남시,상대원동,69,55,68,41,50,32,31,31,25,36,143**,-
도시대기,경기도,성남시,운중동,69,60,70,41,53,31,30,30,24,34,41,42
도시대기,경기도,의정부시,의정부동,72,56,65,39,49,27,27,20,19,32,42,45
도시대기,경기도,의정부시,의정부1동,74,53,64,38,52,36,32,33,26,37,47,45
도시대기,경기도,광명시,철산동,76,63,79,47,60,33,32,30,28,41,63**,41**
도시대기,경기도,광명시,소하동,71,61,73,47,60,35,32,33,29,40,46,43
도시대기,경기도,안산시,고잔동,75,67,74,46,60,35*,32,31,24,31,38*,27**
도시대기,경기도,안산시,원시동,79,69,80,51,61,33,36,37,34,46,57,56
도시대기,경기도,안산시,본오동,69,60,72,44,56,30,29,31,28,38,44,43
도시대기,경기도,안산시,원곡동,56,50,62,38,47,26,27,31,30,37,42,43
도시대기,경기도,안산시,부곡동,85,69,78,43,52,28,28,30,26,36,47,52
도시대기,경기도,안산시,대부동,62,56,71,40,46,24,24,28,25,36,41,42
도시대기,경기도,안산시,호수동,57,51,61,36,45,24,25,26,25,30,36,39
도시대기,경기도,평택시,비전동,82,70,84,58,69,40,28,29,25,36,45**,48
도시대기,경기도,평택시,안중동,75,68,81,52,64,37,39,38,39,43,45,41
도시대기,경기도,평택시,평택항,83,74,94,61,71,42,38,38,43,55,58,51
도시대기,경기도,평택시,송북동,82,67,81,53,64,39,32,29,26,38,51,48
도시대기,경기도,과천시,별양동,69,59,71,44,60,36,33,31,27,37,47,45
도시대기,경기도,과천시,과천동,63,59,63,41,53,31,31,31,25,29,42,42
도시대기,경기도,구리시,교문동,78,63,67,39,54,33**,33,29,24,35,45,45
도시대기,경기도,구리시,동구동,76,60,66,42,50,28,27,29,23,34,47,51
도시대기,경기도,의왕시,부곡3동,76,65,75,44,55,33,30,31,28,37,49,51
도시대기,경기도,의왕시,고천동,66,57,69,39,46,25,24,25,22,29,40,41
도시대기,경기도,고양시,행신동,68,55,69,41,56,29,27**,22,26,36,44,43
도시대기,경기도,고양시,식사동,59,50,63,43,52,30*,27,29,29,38,46,39
도시대기,경기도,고양시,신원동,74,58,71,43,55,32,30,24,21,34,46,47
도시대기,경기도,고양시,주엽동,71,58,74,48,62,34,33,29,29,42,51,47
도시대기,경기도,광주시,경안동,79,69,80,46,56,32,27,28,22,32,47,57
도시대기,경기도,군포시,당동,70,63,82,60,71,44,51*,31**,27,40,47,47
도시대기,경기도,군포시,산본동,74,63,74,52,63,39,37,31,21,31,39,40
도시대기,경기도,시흥시,정왕동,82,69,85,58,70,37,33,31,35,47,55,55
도시대기,경기도,시흥시,시화산단,81,70,89,55,69,37,34,36,36,48,54,54
도시대기,경기도,시흥시,대야동,74,65,79,50,63,35,33,33,31,44,51,48
도시대기,경기도,부천시,소사본동,71,61,79,53,66,43,41,36,34,45,50,50
도시대기,경기도,부천시,내동,91,78,90,63,68,43,41,37,41,65*,68,59
도시대기,경기도,부천시,중2동,70,60,77,50,63,36,37,32,31,45,55,50
도시대기,경기도,부천시,오정동,84,66,83,62,59*,42**,29**,39,38,55,56,48
도시대기,경기도,남양주시,금곡동,68,60,64,40,50,30,31,31,22,31,43,42
도시대기,경기도,남양주시,오남읍,73,61,69,40,54,30,28,29,22,30,43,45
도시대기,경기도,남양주시,별내동,64,52,64,40,53,30,28,24,19,31,41,40
도시대기,경기도,남양주시,화도읍,72,61,71,45,56,36,34,29,21,35,48,48
도시대기,경기도,용인시,김량장동,69,60,66,45,56,34,28,28,24,28,43,46
도시대기,경기도,용인시,수지동,65,57,70,41,53,28,25,25,21,30,42,44
도시대기,경기도,용인시,기흥동,65,-,55**,42,54,30,26,27,24,33,46,48
도시대기,경기도,용인시,모현읍,0,-,-,-,56,32,27,30,24,35,50,55
도시대기,경기도,용인시,이동읍,0,-,-,-,56,32,26,29,25,36,51,55
도시대기,경기도,용인시,백암면,0,-,-,-,61,36,29,32,26,40,52,53
도시대기,경기도,김포시,사우동,74,58,75,46,59,25,29,19,34,49,56,55
도시대기,경기도,김포시,고촌읍,76,60,78,47,55,29,27,27,26,38,46,46
도시대기,경기도,김포시,통진읍,74,55,71,47,61,29,26,27,24,38,45,45
도시대기,경기도,오산시,오산동,76,65,77,50,54,26,27,28,24,31,44,41
도시대기,경기도,하남시,신장동,88,75,78,39,49,25,24,25,18,27,43,43
도시대기,경기도,화성시,남양읍,73,62,79,50,56,29,30,28,26,40,48,44
도시대기,경기도,화성시,향남동,72,62,76,48,61,34,29,26,28,41,51,50
도시대기,경기도,화성시,동탄동,64,58,68,40,51,30,34,33,27,33,44,51
도시대기,경기도,화성시,우정읍,69,59,77,51,65,39,38,37,37,47,50,47
도시대기,경기도,화성시,청계동,74,64,78,49,62,38,34,30,25,32,43,40
도시대기,경기도,양주시,백석읍,81,59,69,39,52,26,24,22,22,34,43,43
도시대기,경기도,양주시,고읍동,86,64,71,40,53,29,26,26,24,41,51,42
도시대기,경기도,동두천시,보산동,74,57,68,42,51,28,24,25,21,33,47,48
도시대기,경기도,안성시,봉산동,75,68,78,47,58,30,23,26,22,37,53,48
도시대기,경기도,이천시,창전동,77,64,70,44,55,32,25,24,19,31,42,46
도시대기,경기도,이천시,장호원읍,0,71,76,48,59,36,23,24,23,39,50,49
도시대기,경기도,파주시,금촌동,76,60,73,46,61,31,30,30,29,45,53,52
도시대기,경기도,파주시,운정동,77,59,70,44,61,32,31,31,30,45,54,48
도시대기,경기도,포천시,선단동,91,71,73,42,51,28,30,28,25,38,58,62
도시대기,경기도,포천시,일동면,79,64,66,38,43,24,24,25,21,31,46,50
도시대기,경기도,여주시,여주동,78,67,71,43,57,35,20,19,23,-,-,-
도시대기,경기도,여주시,중앙동,0,-,-,-,-,-,-,-,-,34,49,49
도시대기,경기도,연천군,연천읍,55,46,57,36,43,24,23,21,18,29,39,40
도시대기,경기도,가평군,가평읍,58,45,50,28,32,20,19,20,16,26,35,38
도시대기,경기도,양평군,양평읍,70,60,66,38,49,30,26,28,20,29,40,42
도시대기,강원도,양구군,양구읍,60,47,57,40,45,27,23,25,19,25,35,37
도시대기,강원도,고성군,상리동,45,41,49,35,43,25,22,24,23,27,28,27
도시대기,강원도,정선군,정선읍,49,44,48,32,39,26,27,26,20,29,37,41
도시대기,강원도,횡성군,횡성군,66,57,75,42,51,32,25,26,20,28,41,46
도시대기,강원도,춘천시,중앙로,72,59,65,40,48,31,26,28,20,31,46,46
도시대기,강원도,춘천시,석사동,77,65,68,39,49,30,25,26,20,31,44,48
도시대기,강원도,강릉시,옥천동,41,42,51,36,47,32,29,28,25,29*,-,30
도시대기,강원도,원주시,중앙동,79,71,80,52,59,41,35,37,27,26,39,38
도시대기,강원도,원주시,명륜동,0,69,74,48,56,35,-,-,-,-,-,-
도시대기,강원도,원주시,남문동,80,-,-,-,-,-,-,-,-,-,-,-
도시대기,강원도,원주시,문막읍,60,55,57,33,42,28,25,25,17,26,35,38
도시대기,강원도,원주시,반곡동,0,-,-,-,-,-,33,27,19,31,42*,43
도시대기,강원도,동해시,천곡동,41,43,49,38,45,30,26,25,19,25,30*,24
도시대기,강원도,삼척시,남양동,40,43,48,35,41,30,25,24,20,25,26,25
도시대기,강원도,평창군,평창읍,62,56,65,43,47,33,29,29,24,31,40,43
도시대기,강원도,양양군,양양군,41,38,45,35,43,26,22,22,17,25,27,26
도시대기,강원도,속초시,중앙동,49,46,53,43,48,29,25,28,25,32,31,31
도시대기,강원도,영월군,영월읍,66,58,65,41,46,30,28,30,21,28,37,37
도시대기,강원도,철원군,갈말읍,67,51,62,39,49,27,26,20,20,29,39,40
도시대기,강원도,홍천군,홍천읍,0,59,64,33,38,21,17,23,20,29,43,51
도시대기,강원도,화천군,화천읍,0,46,56,35,40,25,23,24,19,23,30,33
도시대기,강원도,태백시,황지동,0,41,50,36,42,28,31,31,25,31,38,36
도시대기,강원도,인제군,인제읍,0,-,-,32*,43,25,22,24,15,21,28,31
도시대기,충청북도,괴산군,괴산읍,0,57,63,36,41,30,20,27,20,32,47,40
도시대기,충청북도,음성군,음성읍,0,64,69,42,49,33,26,26,21,31,50,46
도시대기,충청북도,청주시,송정동,69,66,67,47,53,38,25,27,29,40,50,48
도시대기,충청북도,청주시,사천동,76,71,75,50,58,50,24,26,24,35,49,48
도시대기,충청북도,청주시,문화동,75,70,71,43,50,34,25,26,22,32,-,-
도시대기,충청북도,청주시,용암동,69,66,68,40,49,36,24,27,24,33*,44**,49
도시대기,충청북도,청주시,오창읍,65,61,67,45,53,33,22,21,18,28,40,38
도시대기,충청북도,청주시,산남동,0,67,70,43,51,35,25,24,22,33,46,47
도시대기,충청북도,청주시,오송읍,0,66,72,46,56,39,26,28,27,40,50,51
도시대기,충청북도,충주시,호암동,68,54,59,37,47,-,21,22,19,28,44,44
도시대기,충청북도,충주시,칠금동,81,64,72,44,52,40,26,27,26,40,55,53
도시대기,충청북도,제천시,장락동,70,60,66,45,50,30,21,25,21,32,50,49
도시대기,충청북도,단양군,매포읍,64,54,60,42,49,39,29,32,29,35,56,47
도시대기,충청북도,진천시,진천읍,69,62,67,43,50,34,26,27,25,35,47,45
도시대기,충청북도,옥천군,옥천읍,65,64,67,43,49,36,24,26,23,31,45,45
도시대기,충청북도,영동군,영동읍,65,64,67,42,45,36,26,26,23,29,42,43
도시대기,충청북도,증평군,증평읍,69,63,67,40,57,46,30,28,21,32,47,46
도시대기,충청북도,보은시,보은읍,71,63,65,40,44,26,16,22,18,29,42,44
도시대기,충청남도,천안시,성황동,71,65,76,48,56,37,31,33,29,40,53,50
도시대기,충청남도,천안시,백석동,74,68,75,50,50,35,27,30,24,29,40,36
도시대기,충청남도,천안시,성거읍,76,69,80,45,50,32,27,27,25,37,58*,56
도시대기,충청남도,당진시,송산면,86,79,100,67,83,54,34,35,35,52,57,56
도시대기,충청남도,당진시,수청동,65,61,76,50,57,33,27,29,29,43,50,47
도시대기,충청남도,서산시,독곶리,51,42,56,44,51,27,26,28,26,37,39,35
도시대기,충청남도,서산시,동문동,51,55,59,42,50,28,25,29,27,38,41,35
도시대기,충청남도,서산시,대산리,48,43,50,33,43,29,27,30,28,37,39,39
도시대기,충청남도,아산시,모종동,75,68,82,50,59,38,26,27,27,46,56,50
도시대기,충청남도,아산시,배방읍,69,65,77,53,64,47,37,36,33,45,50,43
도시대기,충청남도,아산시,도고면,63,59,79,50,58,38,26,26,24,45,54,51
도시대기,충청남도,아산시,둔포면,82,61*,75,58,68,43,34,33,33,51,60,55
도시대기,충청남도,아산시,인주면,69,72,87,61,67,50,34,38,36,54,57,50
도시대기,충청남도,논산시,논산동,65,64,70,39,50,35,26,29,26,34,46,42
도시대기,충청남도,태안군,이원면,51,52,61,37,44,25,24,28,24,35,35,33
도시대기,충청남도,태안군,태안읍,60,61,69,43,51,29,27,32,30,41,44,40
도시대기,충청남도,보령시,대천2동,55,55,65,40,53,30,18,22,21,32,37,34
도시대기,충청남도,보령시,주교면,55,46,49,31,43,28,23,28,26,40,49,44
도시대기,충청남도,홍성군,홍성읍,56,54,63,39,50,30,24,24,25,39,45,40
도시대기,충청남도,홍성군,내포동,0,53,60,34,44,27,29,31,27,38,40,36
도시대기,충청남도,공주시,공주동,60,57,64,41,52,37,26,24,22,31,39,40
도시대기,충청남도,부여군,부여읍,55,54,56,34,48,31,26,28,24,32,43,40
도시대기,충청남도,청양군,청양읍,58,54,61,39,46,31,23,24,18,31,38,36
도시대기,충청남도,금산군,금산읍,55,50,58,36,39,30,18,21,24,36,51,49
도시대기,충청남도,예산군,예산읍,64,59,69,43,53,35,26,25,25,37,45,41
도시대기,충청남도,계룡시,엄사면,57,51,60,36,46,29,22,24,21,27,41,38
도시대기,충청남도,서천시,서천읍,49,61,70,41,47,25,26,33,29,42,47,41
도시대기,충청남도,서천시,서면동,49,54,63,39,50,29,24,27,24,32,37,32
도시대기,충청남도,서천시,장항읍,0,49,54,34,46,30,26,29,25,32,37,31
도시대기,전라북도,임실군,임실읍,0,60,63,41,44,37,23,24,18,23,36,33
도시대기,전라북도,임실군,남문동,56,-,-,-,-,-,-,-,-,-,-,-
도시대기,전라북도,전주시,삼천동,62,62,66,41,42,36,21,28,26,37,49,41
도시대기,전라북도,전주시,팔복동,63,65,68,46,51,42,29,34,29,37,51,35
도시대기,전라북도,전주시,중앙동,68,72,75,48,49,41,26,32,30,40,47,39*
도시대기,전라북도,전주시,송천동,71,71,78,53,59,49,31,32,32,42,46,39
도시대기,전라북도,군산시,신풍동,60,62,72,45,61,37,28,32,27,35,44,37
도시대기,전라북도,군산시,소룡동,61,63,73,48,62,35*,25,27,31,51,59,48
도시대기,전라북도,군산시,개정동,59,59,71,42,59,40,30,31,26,34,45,37
도시대기,전라북도,익산시,남중동,75,72,78,51,58,44,30,31,28,37,45,27**
도시대기,전라북도,익산시,팔봉동,66,65,74,49,58,40,26,27,25,39,53,39
도시대기,전라북도,익산시,모현동,74,68,76,50,56,38,29,30,30,45,53,43
도시대기,전라북도,남원시,죽항동,62,67,67,46,50,37,21,25,21,23,33,29
도시대기,전라북도,정읍시,연지동,61,65,70,46,51,44,31,31,30,31,33,27
도시대기,전라북도,정읍시,신태인읍,52,53,60,36,41,38,31,34,28,39,45,37
도시대기,전라북도,고창군,고창읍,71,73,77,48,51,38,29,32,27,30,35,35
도시대기,전라북도,고창군,심원면,50,53,61,40,48,32,26,26,26,33,37,30
도시대기,전라북도,부안군,부안읍,61,61,73,46,59,41,33,35,32,40,42,33
도시대기,전라북도,김제시,요촌동,61,62,70,46,54,42,29,30,27,39,46,39
도시대기,전라북도,완주군,고산면,60,60,65,43,48,37,25,24,21,28,39,35
도시대기,전라북도,진안군,진안읍,55,55,62,39,41,37,24,24,19,24,38,33
도시대기,전라북도,무주군,무주읍,49,49,51,31,35,26,18,18,17,19,27,27
도시대기,전라북도,순창군,순창읍,49,55,57,36,41,30,21,28,26,29,35,33
도시대기,전라북도,장수군,장수읍,52,55,59,39,40,28,14*,26,30,36,51,46
도시대기,전라남도,화순군,화순읍,0,-,50,36,42,33,22,24,20,27,33,26
도시대기,전라남도,여수시,서강동,39,46,44,31,39,28,23,26,21,22,32,24
도시대기,전라남도,여수시,월내동,40,49,48,39,46,34,26,32,29,28,38,30
도시대기,전라남도,여수시,문수동,42,44,38,27,35,26,19,23,20,22,32,23
도시대기,전라남도,여수시,여천동,43,49,46,33,41,31,24,28,23,25,36,27
도시대기,전라남도,여수시,덕충동,41,45,43,32,41,34,28,32,25,25,33,26
도시대기,전라남도,여수시,화양면,36,41,40,29,38,27,21,26,23,25,33,24
도시대기,전라남도,여수시,율촌면,42,43,40,28,37,30,23,27,24,24,36,28
도시대기,전라남도,여수시,삼일동,36,42,39,30,37,28,20,24,21,24,34,25
도시대기,전라남도,광양시,중동,0,45,47,37,45,36,23,25,22,20,33,26
도시대기,전라남도,광양시,태인동,36,43,43,35,44,37,26,25,23,25,30,25
도시대기,전라남도,광양시,진상면,42,50,46,33,36,33,25,28**,20,21,32,28**
도시대기,전라남도,광양시,광양읍,36,44,40,27,33,26,19,22,18,19,30,26
도시대기,전라남도,순천시,장천동,51,53,50,36,41,33,22,33,28,25,37,30
도시대기,전라남도,순천시,연향동,38,44,43,29,35,26,19,28,15,19,34,27
도시대기,전라남도,순천시,순천만,31,39,37,25,32,27,21,27,23,22,32,23
도시대기,전라남도,순천시,호두리,34,44,39,29,38,26,20,25,21,21,31,24
도시대기,전라남도,순천시,신대동,47,46,46,37,44,32,21,30,20,23,37,31
도시대기,전라남도,목포시,용당동,50,55,64,39,52,32,27,33,28,36,41,35
도시대기,전라남도,목포시,부흥동,50,54,62,37,48,32,30**,33,27,32,37,29
도시대기,전라남도,영암군,나불리,47,49,59,37,46,31,33,36,28,35,42,41
도시대기,전라남도,나주시,빛가람동,39,44,56,41,45,40,23,25,18,25,34,27
도시대기,전라남도,담양군,담양읍,55,58,63,37,42,42,31,26,21,27,39,27
도시대기,전라남도,장성군,장성읍,50,52,58,41,45,33,20,20,21,31,39,34
도시대기,전라남도,해남군,해남읍,40,43,52,34,45,35,23,27,23,32,35,28
도시대기,전라남도,영광군,영광읍,50,52,64,42,47,34,23,27,24,36,41,34
도시대기,전라남도,장흥군,장흥읍,39,43,45,26,34,31,20,31,21,28,34,28
도시대기,전라남도,진도군,진도읍,0,43,46,30,40,26,20,24,21,29,33,26
도시대기,전라남도,완도군,신지면,0,46,48,31,41,26,20,24,20,25,34,23
도시대기,전라남도,함평군,함평읍,0,48,54,33,42,31,22,25,21,32,39,36
도시대기,전라남도,고흥군,고흥읍,0,-,33,30,38,27,19,23,20,25,33,26
도시대기,전라남도,신안군,신안군,0,-,41,32,42,23,13,37,17,26,30,23
도시대기,전라남도,무안군,무안읍,0,-,43,37,48,39,31,34,33,43,44,35
도시대기,전라남도,강진군,강진읍,0,-,-,-,-,28,23,28,22,25,28,26
도시대기,전라남도,곡성군,곡성읍,0,-,-,-,-,-,-,-,20,26,41,34
도시대기,전라남도,구례군,구례읍,0,-,-,-,-,-,22,29,24,27,36,33
도시대기,전라남도,보성군,벌교읍,0,-,-,-,-,-,-,-,23,26,38,33
도시대기,경상북도,영천시,영천시,58,52,52,40,47,31,23,25,23,30,45,44
도시대기,경상북도,포항시,장흥동,53,53,55,43,52,46,39,35,30,34,44,41
도시대기,경상북도,포항시,장량동,34,34,40,37,46,28,25,22,20,26,33,30
도시대기,경상북도,포항시,대도동,47,41,56,44,50,37,30,30,28,32,40,36
도시대기,경상북도,포항시,대송면,47,45,48,40,45,34,27,27,24,31,37,33
도시대기,경상북도,포항시,3공단,55,55,60,48,53,36,26,28,28,35,47,40
도시대기,경상북도,포항시,송도동,0,-,-,-,-,-,-,24,25,32,39,38
도시대기,경상북도,포항시,오천읍,0,-,-,-,-,-,-,34,28,36,44,42
도시대기,경상북도,포항시,청림동,0,-,-,-,-,-,-,34,31,41,54,50
도시대기,경상북도,구미시,공단동,67,64,70,49,52,37,29,31,28,33,50,49
도시대기,경상북도,구미시,원평동,85,77,76,51,54,37,31,30,28,28,41,48
도시대기,경상북도,구미시,형곡동,70,69,69,52,59,43,36,35,31,30,39,41
도시대기,경상북도,구미시,4공단,81,75,74,47,48,34,38,35,28,38,49,52
도시대기,경상북도,김천시,문당동,74,75,83,44,38,30,30,25,25,29,39,41
도시대기,경상북도,김천시,대광동,0,67**,60,43,44,32,26,25,23,32,43,45
도시대기,경상북도,경주시,성건동,50,47,47,39,47,32,24,26,22,27,39,39
도시대기,경상북도,경주시,보덕동,0,-,-,-,-,-,-,-,-,-,-,17**
도시대기,경상북도,경주시,안강읍,0,-,-,-,-,-,-,-,-,-,-,17**
도시대기,경상북도,경주시,외동읍,0,-,-,-,-,-,-,-,-,-,-,20**
도시대기,경상북도,안동시,명륜동,0,46*,48,37,44,29,26,25,19,26,36,39
도시대기,경상북도,영주시,휴천2동,98,84,82,56,62,38,33,34,31,-,-,-
도시대기,경상북도,영주시,가흥동,0,-,-,-,-,-,-,-,-,47,64,66*
도시대기,경상북도,경산시,중방동,64,60,59,44,48,37,31,33,23,27,41,45
도시대기,경상북도,상주시,남성동,55,54,62,44,48,30,25,25,22,30,45,40
도시대기,경상북도,칠곡군,왜관읍,56,51,51,37,40,29,24,26,24,27,39,38
도시대기,경상북도,울진군,울진읍,0,34*,43,32,37,22,24,24,18,24,27,26
도시대기,경상북도,봉화군,석포면,0,-,-,-,29,18,18,20,13,17,21,22
도시대기,경상북도,울릉군,울릉읍,0,-,-,-,-,-,30**,24,20,26,26,23
도시대기,경상북도,고령군,대가야읍,0,-,-,-,-,-,-,-,-,24**,31,31
도시대기,경상남도,창원시,명서동,55,54,51,41,49,33,25,28,25,30,39,36
도시대기,경상남도,창원시,웅남동,66,66,65,56,66,53,41,46,40,44,52,45
도시대기,경상남도,창원시,성주동,0,-,37,34,38,28,23,27,23,28,37,37
도시대기,경상남도,창원시,용지동,45,47,46,38,44,33,29,34,28,28,35,33
도시대기,경상남도,창원시,사파동,54,54,52,43,48,37,32,34,28,30,40,38
도시대기,경상남도,창원시,경화동,44,46,46,38,45,35,29,33,26,26,32,27
도시대기,경상남도,창원시,회원동,63,59,56,42,51,40,29,36,31,36,42,33
도시대기,경상남도,창원시,봉암동,46,47,49,40,47,37,31,33,28,30,36,31
도시대기,경상남도,창원시,월영동,0,-,-,-,-,-,-,-,-,-,30,28
도시대기,경상남도,진주시,상봉동,44,46,48,40,48,41,34,37,29,27,35,28
도시대기,경상남도,진주시,대안동,45,48,50,40,45,36,30,32,28,28,36,30
도시대기,경상남도,진주시,상대동,47,50,52,44,50,42,27,29,26,31,44,41
도시대기,경상남도,하동군,하동읍,38,52,47,36,42,42,-,-,-,19,27,27
도시대기,경상남도,김해시,동상동,69,57,54,43,50,31,29,35,26,34,43,38
도시대기,경상남도,김해시,삼방동,50,54,56,45,52,38,34,36,30,32,39,38
도시대기,경상남도,김해시,장유동,39,46,44,34,38,29,24,29,23,24,32,33
도시대기,경상남도,김해시,진영읍,0,-,-,-,-,-,-,-,-,-,37,37
도시대기,경상남도,양산시,북부동,51,51,53,44,50,37,30,32,27,32,36,34
도시대기,경상남도,양산시,웅상읍,49,53,54,46,53,42,34,35,29,33,40,36
도시대기,경상남도,거제시,아주동,39,43,43,36,45,31,26,31,30,32,36,29
도시대기,경상남도,사천시,사천읍,43,44,42,32,37,30,22,26,22,25,35,34
도시대기,경상남도,밀양시,내일동,49,50,50,40,46,37,30,30,23,26,37,33
도시대기,경상남도,통영시,무전동,48,53,53,42,50,39,30,36,29,32,37,31
도시대기,경상남도,고성군,고성읍,46,50,50,40,46,36,28,35,30,32,39,33
도시대기,경상남도,거창군,거창읍,50,56,60,41,45,35,26,28,24,30,40,37
도시대기,경상남도,함안군,가야읍,50,50,47,38,42,35,28,30,30,34,42,37
도시대기,경상남도,함양군,함양읍,47,52,57,37,43,33,23,24,20,27,36,30
도시대기,경상남도,남해군,남해읍,45,50,51,38,44,35,25,29,27,28,35,30
도시대기,경상남도,산청군,산청읍,0,-,-,-,-,-,-,-,-,-,27,25
도시대기,경상남도,의령군,의령읍,0,-,-,-,-,-,-,-,-,-,28,27
도시대기,경상남도,창녕군,창녕읍,0,-,-,-,-,-,-,-,-,-,34,33
도시대기,경상남도,합천군,합천읍,0,-,-,-,-,-,-,-,-,-,27,26
도시대기,제주특별자치도,제주시,이도동,38,46,56,43,45,30,27,28,28,34,43,32
도시대기,제주특별자치도,제주시,연동,40,47,55,43,50,37,28,32,29,35,45,34
도시대기,제주특별자치도,서귀포시,동홍동,30,35,40,32,35,26,22,27,18,28,35,27
도시대기,제주특별자치도,서귀포시,성산읍,31,38,49,36,40,29,27,32,28,32,38,25
도시대기,제주특별자치도,서귀포시,대정읍,35,42,51,35,44,30,24,30,21,32,40,30
도시대기,제주특별자치도,서귀포시,남원읍,0,-,-,-,-,-,-,-,-,-,-,22**
국가배경농도,인천광역시,옹진군,백령도,54,51,58,42,46,21,25,27,30,52,35,38
국가배경농도,경상북도,울릉군,태하리,42,45,51,40,42*,21,26,-,-,-,-,17**
국가배경농도,제주특별자치도,북제주,고산리,37,46,56,39,44,29,22,33,34*,-,-,-
국가배경농도,제주특별자치도,제주시,고산리,0,-,-,-,-,-,-,-,-,40,50,35
교외대기,인천광역시,강화군,석모리,63,55,64,40,50,26,28,30,31,41,44,45
교외대기,인천광역시,옹진군,덕적도,49,48,49,40,50,27,25,29,29,36,37,35
교외대기,경기도,이천시,설성면,83,71,79,52,59,38,28,29,29,42,54,58
교외대기,경기도,파주시,파주동,80,62,73,46,56,28,26,24,22,37,44,49
교외대기,경기도,포천시,관인면,65,52,64,39,49,29,30,31,24,27,40,42
교외대기,강원도,양구군,방산면,41,-,-,-,30,17,27,25,12,18,27,28
교외대기,강원도,고성군,간성읍,43,-,-,-,40,19,17,19,16,26,32,30
교외대기,강원도,정선군,북평면,50,45,48,31,35,21,18,21,16,24,28,33
교외대기,강원도,횡성군,소초면,59,50,58,34,41,24,19,19,14,25,33,34
교외대기,충청북도,괴산군,청천면,61,55,57,34,40,32,27,21,17,27,46,47
교외대기,충청북도,음성군,금왕동,76,66,73,45,51,36,32,31,29,33,50*,50
교외대기,충청남도,태안군,파도리,57,56,63,39,53,27,23,30,30,45,47,43
교외대기,충청남도,공주시,사곡면,59,53,56,35,46,35,24,24,25,31,39,39
교외대기,전라북도,임실군,운암면,72,75,81,48,43,39,28,29,28,29**,-,-
교외대기,전라북도,부안군,비응도동,59,60,70,45,55,31,27,28,29,41,44,35
교외대기,전라남도,화순군,송단리,39,45,42,23,31,24,16,19,16,22,29,20
교외대기,경상북도,영덕군,지품면,47,46,49,40,47*,33,29,30,24,-,-,-
교외대기,경상북도,영천시,화북면,52,49,48,35,42,30,25,27,19,18*,26*,29
교외대기,경상북도,의성군,안계동,51,48,49,31,36,23,18,18,16,19,35,37
교외대기,경상남도,창원시,대산면,46,-,-,-,43,32,21,24,20,29,40,39
교외대기,경상남도,거제시,저구리,35,35,39,28,36,25,-,-,13**,-,-,19**
교외대기,경상남도,거창군,남상면,51,51,56,37,38,25,14*,-,22**,28,33,38
도로변대기,서울특별시,서울,한강대로,48,63,80,56,71,43,33,28,24,31,38,43
도로변대기,서울특별시,서울,청계천로,36,53,65,38,49,27,30,29,23,31,40,41
도로변대기,서울특별시,서울,종로동,42,57,70,38,48,25,24,22,18,25,38,49
도로변대기,서울특별시,서울,홍릉로,47,62,71,45,66,41**,37*,33,28,37,53**,42*
도로변대기,서울특별시,서울,신촌로,41,51,74,44,55,32,33,31,26,37,47,47
도로변대기,서울특별시,서울,영등포로,39,54,71,45,58,33,35,33,27,38,46,48
도로변대기,서울특별시,서울,도산대로,51,62,75,50,64,34,24**,28,26,33*,46**,42
도로변대기,서울특별시,서울,천호대로,44,63,74,45,56,34,33,33,27,35,47,52
도로변대기,서울특별시,서울,강남대로,50,65,79,56,64,35,25,21,20,24*,50**,47
도로변대기,서울특별시,서울,강변북로,48,63,76,50,64,34,26,23,22,30,39**,48**
도로변대기,서울특별시,서울,화랑로,41,54,64,40,54,29,28**,19,26,37,45,50**
도로변대기,서울특별시,서울,공항대로,58,60,76,45,53,28**,32*,31,28,37,47,53**
도로변대기,서울특별시,서울,동작대로,49,63,77,52,68,39,29,25,21,31,38,46
도로변대기,서울특별시,서울,정릉로,48,61,74,50,63,34,25,23,19,28,42,48
도로변대기,서울특별시,서울,시흥대로,41,52,72,45,53,33,29,29,24,31,37,39
도로변대기,부산광역시,부산,온천동,42,54,54,43,48,31,27,27,22,26,34,36
도로변대기,부산광역시,부산,초량동,41,47,50,43,53,37,30,30,26,27,33,32
도로변대기,부산광역시,부산,부산북항,33,43,49,42,49,31,28,29,24,25,31,31
도로변대기,부산광역시,부산,부산신항,42,48,48,39,48,30,26,30,24,29,36,35
도로변대기,대구광역시,대구,평리동,53,54,56,41,50,36,30,31,27,35,51,47
도로변대기,대구광역시,대구,이곡동,54,60,60,46,54,42,35**,-,35**,29,41,40
도로변대기,인천광역시,인천,석바위,44,54,72,53,60,34**,-,34,29,37,44,42
도로변대기,인천광역시,인천,부평역,64,79,91,69,89,49,49,42,48,56,51,45
도로변대기,인천광역시,인천,송현동,50,54,64,41,48,31,34,35,31,37,43,41
도로변대기,광주광역시,광주시,치평동,49,69,75,52,52,50,36,36,34,40*,-,29**
도로변대기,광주광역시,광주시,운암동,54,72,72,50,57,42,28,29,28,38,50,45
도로변대기,대전광역시,대전,대흥동1,73,77,79,51,51,33,23,27,20,25,49,50
도로변대기,대전광역시,대전,월평동,50,62,67,39,48,36,28,25,22,31,43,40
도로변대기,울산광역시,울산,신정로,36,46,45,36,39,28,25,28,27,27,32,33
도로변대기,경기도,수원시,경수대로(동수원),55,74,89,55,66,38,41,36,29,40,53,57
도로변대기,경기도,성남시,성남대로(모란역),53,65,73,45,55,34,34,35,30,39,50,52
도로변대기,경기도,성남시,대왕판교로(백현동),44,55,63,41,48,30,31,31,25,33,42,44
도로변대기,경기도,안산시,중앙대로(고잔동),48,62,65,40,50,28,29,29,24,33,39,29**
도로변대기,경기도,고양시,백마로(마두역),59,61,79,53,72,41,32,35,30,42,51,49
도로변대기,경기도,부천시,송내대로(중동),50,73,94,62,71,43,42,34,28,35,39,38
도로변대기,경기도,용인시,중부대로(구갈동),51,64,75,48,59,35,34,33,27,35,47,52
도로변대기,경기도,오산시,금암로(신장동),-,-,-,-,-,30,30,32,28,33,42,45
도로변대기,충청북도,청주시,복대동,74,91,79,50,55,42,30,28,25,35,50,50
도로변대기,충청남도,천안시,성성동,70,79,85,58,66,48,34,33,31,47,57,55
도로변대기,전라북도,전주시,금암동,60,73,73,48,49,41,26,29*,30,39,51,-
도로변대기,전라북도,전주시,서신동,-,-,-,-,-,-,-,-,-,-,-,34**
도로변대기,경상남도,창원시,반송로,45,57,55,46,53,39,-,-,-,23,31,30
도로변대기,제주특별자치도,제주시,노형로,-,-,-,-,-,-,-,-,-,-,-,31
